n0;str;mp;location;format;messages;freq;gnss;n1;country;lat;lon;n2;n3;ntrips;n4;n5;n6;n7;n8

;STR;1CEN;Charnoz-sur-Ain;RTCM3;1004,1005,1006,1008,1012,1019,1020,1033,1042,1046,1077,1087,1097,1107,1127,1230;2;GLO+GAL+SBS+BDS+GPS;NONE;FRA;45.864;5.222;0;0;NTRIPRTKBaseU-blox_ZED-F9P2.4.11.32;none;N;N;15200;CentipedeRTK
;STR;ABA1;HUN;RTCM3;1004,1005,1006,1008,1012,1019,1020,1033,1042,1046,1077,1087,1097,1107,1127,1230;2;GLO+GAL+SBS+BDS+GPS;NONE;HUN;48.330;21.234;0;0;NTRIPRTKBaseUblox_ZED-F9P2.4.11.30;none;N;N;15200;CentipedeRTK
;STR;AC53;Saint-Pierre-la-Cour;RTCM3;1004,1005,1006,1008,1012,1019,1020,1033,1042,1077,1087,1097,1107,1127,1230;2;GLO+GAL+SBS+BDS+GPS;NONE;FRA;48.090;-1.049;0;0;NTRIPRTKBaseUblox_ZED-F9P2.3.4;none;N;N;15200;CentipedeRTK
;STR;ADNC;Frejeville;RTCM3;1004,1005,1006,1008,1012,1019,1020,1033,1042,1046,1077,1087,1097,1107,1127,1230;2;GLO+GAL+SBS+BDS+GPS;NONE;FRA;43.611;2.146;0;0;NTRIPRTKBaseUblox_ZED-F9P2.3.1;none;N;N;15200;CentipedeRTK
;STR;AGDE;FRA;RTCM3;1006,1008,1033,1045,1046,1077,1087,1097,1230;2;GLO+GAL+GPS;NONE;FRA;43.296;3.466;0;0;NTRIPTRIMBLENETR95.45,06/MAR/2;none;N;N;15200;CentipedeRTK
;STR;AGRP;Quimperle;RTCM3;1004,1005,1006,1008,1012,1019,1020,1033,1042,1046,1077,1087,1097,1107,1127,1230;2;GLO+GAL+SBS+BDS+GPS;NONE;FRA;47.861;-3.528;0;0;NTRIPRTKBaseU-blox_ZED-F9P2.4.11.32;none;N;N;15200;CentipedeRTK
;STR;AIGL;Val-dAigoual;RTCM3;1006,1008,1019,1020,1033,1077,1087,1097,1230;2;GLO+GAL+GPS;NONE;FRA;44.121;3.581;0;0;NTRIPTRIMBLENETR95.37,21/SEP/2;none;N;N;15200;CentipedeRTK
;STR;AL89;Pisy;RTCM3;1004,1005,1006,1008,1012,1019,1020,1033,1042,1046,1077,1087,1097,1107,1127,1230;2;GLO+GAL+SBS+BDS+GPS;NONE;FRA;47.557;4.146;0;0;NTRIPRTKBaseUblox_ZED-F9P2.2.0;none;N;N;15200;CentipedeRTK
;STR;ALEX;BEL;RTCM3;1004,1005,1006,1008,1012,1019,1020,1033,1042,1077,1087,1097,1107,1127,1230;2;GLO+GAL+SBS+BDS+GPS;NONE;BEL;50.605;4.379;0;0;NTRIPRTKBaseUblox_ZED-F9P2.3.4;none;N;N;15200;CentipedeRTK
;STR;ALPE;Huez;RTCM3;1006,1008,1019,1020,1033,1077,1087,1097,1230;2;GLO+GAL+GPS;NONE;FRA;45.087;6.083;0;0;NTRIPTRIMBLENETR95.33,31/JAN/2;none;N;N;15200;CentipedeRTK
;STR;ALZ22;Saint-Igeaux;RTCM3;1004,1005,1006,1008,1012,1019,1020,1033,1042,1077,1087,1097,1107,1127,1230;2;GLO+GAL+SBS+BDS+GPS;NONE;FRA;48.273;-3.118;0;0;NTRIPRTKBaseUblox_ZED-F9P2.3.4;none;N;N;15200;CentipedeRTK
;STR;AMIEN;Amiens;RTCM3;1004,1005,1006,1007,1008,1012,1019,1020,1033,1042,1077,1087,1097,1107,1127,1230;2;GLO+GAL+SBS+BDS+GPS;NONE;FRA;49.870;2.303;0;0;NTRIPRTKBaseUblox_ZED-F9P2.4.01.13;none;N;N;15200;CentipedeRTK
;STR;ANDR;Heudicourt;RTCM3;1004,1005,1006,1008,1012,1019,1020,1033,1042,1077,1087,1097,1107,1127,1230;2;GLO+GAL+SBS+BDS+GPS;NONE;FRA;49.337;1.665;0;0;NTRIPRTKBaseUblox_ZED-F9P2.3.4;none;N;N;15200;CentipedeRTK
;STR;ANTO;Saint-Pierre-sur-Orthe;RTCM3;1004,1005,1006,1008,1012,1019,1020,1033,1042,1046,1077,1087,1097,1107,1127,1230;2;GLO+GAL+SBS+BDS+GPS;NONE;FRA;48.243;-0.184;0;0;NTRIPRTKBaseU-blox_ZED-F9P2.4.11.32;none;N;N;15200;CentipedeRTK
;STR;ARL72;Chantenay-Villedieu;RTCM3;1004,1005,1006,1008,1012,1019,1020,1033,1042,1046,1077,1087,1097,1107,1127,1230;2;GLO+GAL+SBS+BDS+GPS;NONE;FRA;47.947;-0.111;0;0;NTRIPRTKBaseU-blox_ZED-F9P2.4.11.32;none;N;N;15200;CentipedeRTK
;STR;ARRAS;Saint-Laurent-Blangy;RTCM3;1004,1005,1006,1008,1012,1019,1020,1033,1042,1046,1077,1087,1097,1107,1127,1230;2;GLO+GAL+SBS+BDS+GPS;NONE;FRA;50.292;2.790;0;0;NTRIPRTKBaseUblox_ZED-F9P2.4.21.13;none;N;N;15200;CentipedeRTK
;STR;ASD21;Dijon;RTCM3;1004,1005,1006,1008,1012,1019,1020,1033,1042,1046,1077,1087,1097,1107,1127,1230;2;GLO+GAL+SBS+BDS+GPS;NONE;FRA;47.311;5.065;0;0;NTRIPRTKBaseUblox_ZED-F9P2.4.21.13;none;N;N;15200;CentipedeRTK
;STR;ASSAS;Ruan;RTCM3;1004,1005,1006,1008,1012,1019,1020,1033,1042,1046,1077,1087,1097,1107,1127,1230;2;GLO+GAL+SBS+BDS+GPS;NONE;FRA;48.096;1.894;0;0;NTRIPRTKBaseU-blox_ZED-F9P2.4.21.13;none;N;N;15200;CentipedeRTK
;STR;AUB1;Aubigny-sur-Nere;RTCM3;1004,1005,1006,1008,1012,1019,1020,1033,1042,1046,1077,1087,1097,1107,1127,1230;2;GLO+GAL+SBS+BDS+GPS;NONE;FRA;47.503;2.404;0;0;NTRIPRTKBaseUblox_ZED-F9P2.4.1;none;N;N;15200;CentipedeRTK
;STR;AURAY;Auray;RTCM3;1004,1005,1006,1008,1012,1019,1020,1033,1042,1046,1077,1087,1097,1107,1127,1230;2;GLO+GAL+SBS+BDS+GPS;NONE;FRA;47.670;-2.997;0;0;NTRIPRTKBaseUblox_ZED-F9P2.2.0;none;N;N;15200;CentipedeRTK
;STR;AVR2;Sinard;RTCM3;1006,1008,1019,1020,1033,1077,1087,1097,1230;2;GLO+GAL+GPS;NONE;FRA;44.956;5.653;0;0;NTRIPTRIMBLENETR95.45,06/MAR/2;none;N;N;15200;CentipedeRTK
;STR;BABY;LaBarre-de-Monts;RTCM3;1004,1005,1006,1008,1012,1019,1020,1033,1042,1046,1077,1087,1097,1107,1127,1230;2;GLO+GAL+SBS+BDS+GPS;NONE;FRA;46.874;-2.103;0;0;NTRIPRTKBaseUblox_ZED-F9P2.3.4;none;N;N;15200;CentipedeRTK
;STR;BARGE;Saint-Hilaire-des-Loges;RTCM3;1004,1005,1006,1008,1012,1019,1020,1033,1042,1046,1077,1087,1097,1107,1127,1230;2;GLO+GAL+SBS+BDS+GPS;NONE;FRA;46.507;-0.648;0;0;NTRIPRTKBaseUblox_ZED-F9P2.3.4;none;N;N;15200;CentipedeRTK
;STR;BATY;HUN;RTCM3;1004,1005,1006,1008,1012,1019,1020,1033,1042,1046,1077,1087,1097,1107,1127,1230;2;GLO+GAL+SBS+BDS+GPS;NONE;HUN;46.128;19.153;0;0;NTRIPRTKBaseU-blox_ZED-F9P2.4.11.13;none;N;N;15200;CentipedeRTK
;STR;BAYS1;LeBurgaud;RTCM3;1004,1005,1006,1008,1012,1019,1020,1033,1042,1077,1087,1097,1107,1127,1230;2;GLO+GAL+SBS+BDS+GPS;NONE;FRA;43.807;1.148;0;0;NTRIPRTKBaseUblox_ZED-F9P2.3.1;none;N;N;15200;CentipedeRTK
;STR;BDN;Maubec;RTCM3;1004,1005,1006,1008,1012,1019,1020,1033,1042,1046,1077,1087,1097,1107,1127,1230;2;GLO+GAL+SBS+BDS+GPS;NONE;FRA;45.557;5.248;0;0;NTRIPRTKBaseUblox_ZED-F9P2.3.4;none;N;N;15200;CentipedeRTK
;STR;BEAUR;Beaurainville;RTCM3;1004,1005,1006,1008,1012,1019,1020,1033,1042,1077,1087,1097,1107,1127,1230;2;GLO+GAL+SBS+BDS+GPS;NONE;FRA;50.416;1.887;0;0;NTRIPRTKBaseUblox_ZED-F9P2.3.4;none;N;N;15200;CentipedeRTK
;STR;BEFF;Villeurbanne;RTCM3;1004,1005,1006,1008,1012,1019,1020,1033,1042,1046,1077,1087,1097,1107,1127,1230;2;GLO+GAL+SBS+BDS+GPS;NONE;FRA;45.767;4.880;0;0;NTRIPRTKBaseU-blox_ZED-F9P2.4.11.32;none;N;N;15200;CentipedeRTK
;STR;BEN50;JuvignylesVallees;RTCM3;1004,1005,1006,1008,1012,1019,1020,1033,1042,1046,1077,1087,1097,1107,1127,1230;2;GLO+GAL+SBS+BDS+GPS;NONE;FRA;48.657;-1.029;0;0;NTRIPRTKBaseUblox_ZED-F9P2.4.01.13;none;N;N;15200;CentipedeRTK
;STR;BENS;Cuq;RTCM3;1004,1005,1006,1008,1012,1019,1020,1033,1042,1046,1077,1087,1097,1107,1127,1230;2;GLO+GAL+SBS+BDS+GPS;NONE;FRA;44.074;0.724;0;0;NTRIPRTKBaseU-blox_ZED-F9P2.4.11.13;none;N;N;15200;CentipedeRTK
;STR;BESNO;Avon-les-Roches;RTCM3;1004,1005,1006,1012,1019,1020,1042,1045,1046,1077,1087,1097,1127;2;GLO+GAL+BDS+GPS;NONE;FRA;47.150;0.462;0;0;NTRIP;none;N;N;15200;CentipedeRTK
;STR;BIGO1;Moyenneville;RTCM3;1004,1005,1006,1008,1012,1019,1020,1033,1042,1077,1087,1097,1107,1127,1230;2;GLO+GAL+SBS+BDS+GPS;NONE;FRA;49.494;2.626;0;0;NTRIPRTKBaseUblox_ZED-F9P2.3.4;none;N;N;15200;CentipedeRTK
;STR;BIVL1;Biville-la-Baignarde;RTCM3;1004,1005,1006,1008,1012,1019,1020,1033,1042,1046,1077,1087,1097,1107,1127,1230;2;GLO+GAL+SBS+BDS+GPS;NONE;FRA;49.715;1.037;0;0;NTRIPRTKBaseUblox_ZED-F9P2.4.11.13;none;N;N;15200;CentipedeRTK
;STR;BLGC;LesTrois-Moutiers;RTCM3;1004,1005,1006,1008,1012,1019,1020,1033,1042,1046,1077,1087,1097,1107,1127,1230;2;GLO+GAL+SBS+BDS+GPS;NONE;FRA;47.064;0.019;0;0;NTRIPRTKBaseUblox_ZED-F9P2.4.01.30;none;N;N;15200;CentipedeRTK
;STR;BLIX;Blieux;RTCM3;1006,1008,1019,1020,1033,1077,1087,1097,1230;2;GLO+GAL+GPS;NONE;FRA;43.874;6.367;0;0;NTRIPTRIMBLENETR95.37,21/SEP/2;none;N;N;15200;CentipedeRTK
;STR;BNFL;CHZ;RTCM3;1004,1005,1006,1008,1012,1019,1020,1033,1042,1046,1077,1087,1097,1107,1127,1230;2;GLO+GAL+SBS+BDS+GPS;NONE;CHZ;47.473;7.144;0;0;NTRIPRTKBaseUblox_ZED-F9P2.4.11.13;none;N;N;15200;CentipedeRTK
;STR;BORD;Aussonne;RTCM3;1004,1005,1006,1008,1012,1019,1020,1033,1042,1046,1077,1087,1097,1107,1127,1230;2;GLO+GAL+SBS+BDS+GPS;NONE;FRA;43.668;1.319;0;0;NTRIPRTKBaseU-blox_ZED-F9P2.4.11.32;none;N;N;15200;CentipedeRTK
;STR;BRET;Val-au-Perche;RTCM3;1004,1005,1006,1008,1012,1019,1020,1033,1042,1077,1087,1097,1107,1127,1230;2;GLO+GAL+SBS+BDS+GPS;NONE;FRA;48.285;0.764;0;0;NTRIPRTKBaseUblox_ZED-F9P2.3.4;none;N;N;15200;CentipedeRTK
;STR;BRTAT;Maulicheres;RTCM3;1004,1005,1006,1008,1012,1019,1020,1033,1042,1046,1077,1087,1097,1107,1127,1230;2;GLO+GAL+SBS+BDS+GPS;NONE;FRA;43.687;-0.094;0;0;NTRIPRTKBaseUblox_ZED-F9P2.4.11.13;none;N;N;15200;CentipedeRTK
;STR;BSLL;Boissei-la-Lande;RTCM3;1004,1005,1006,1008,1012,1019,1020,1033,1042,1046,1074,1077,1084,1087,1094,1097,1107,1124,1127;2;GLO+GAL+SBS+BDS+GPS;NONE;FRA;48.694;0.066;0;0;NTRIPUblox_ZED-F9P;none;N;N;15200;CentipedeRTK
;STR;BTCHZ;CHZ;RTCM3;1004,1005,1006,1008,1012,1019,1020,1033,1042,1046,1077,1087,1097,1107,1127,1230;2;GLO+GAL+SBS+BDS+GPS;NONE;CHZ;46.757;6.782;0;0;NTRIPRTKBaseUblox_ZED-F9P2.3.2;none;N;N;15200;CentipedeRTK
;STR;BTRN;Brillevast;RTCM3;1004,1005,1006,1008,1012,1019,1020,1033,1042,1077,1087,1097,1107,1127,1230;2;GLO+GAL+SBS+BDS+GPS;NONE;FRA;49.633;-1.419;0;0;NTRIPRTKBaseUblox_ZED-F9P2.3.4;none;N;N;15200;CentipedeRTK
;STR;BXATI;HUN;RTCM3;1004,1005,1006,1008,1012,1019,1020,1033,1042,1046,1077,1087,1097,1107,1127,1230;2;GLO+GAL+SBS+BDS+GPS;NONE;HUN;45.989;18.538;0;0;NTRIPRTKBaseU-blox_ZED-F9P2.4.11.13;none;N;N;15200;CentipedeRTK
;STR;CA53;Saint-Hilaire-du-Maine;RTCM3;1004,1005,1006,1008,1012,1019,1020,1033,1042,1046,1077,1087,1097,1107,1127,1230;2;GLO+GAL+SBS+BDS+GPS;NONE;FRA;48.257;-0.931;0;0;NTRIPRTKBaseU-blox_ZED-F9P2.4.11.32;none;N;N;15200;CentipedeRTK
;STR;CALIG;Calignac;RTCM3;1004,1005,1006,1008,1012,1019,1020,1033,1042,1077,1087,1097,1107,1127,1230;2;GLO+GAL+SBS+BDS+GPS;NONE;FRA;44.148;0.403;0;0;NTRIPRTKBaseUblox_ZED-F9P2.3.4;none;N;N;15200;CentipedeRTK
;STR;CAMBR;Sailly-lez-Cambrai;RTCM3;1005,1006,1008,1033,1230;2;;NONE;FRA;50.194;3.178;0;0;NTRIPRTKBaseUblox_ZED-F9P2.2.0;none;N;N;15200;CentipedeRTK
;STR;CAVZN;Castera-Verduzan;RTCM3;1004,1005,1006,1008,1012,1019,1020,1033,1042,1046,1077,1087,1097,1107,1127,1230;2;GLO+GAL+SBS+BDS+GPS;NONE;FRA;43.804;0.445;0;0;NTRIPRTKBaseUblox_ZED-F9P2.3.4;none;N;N;15200;CentipedeRTK
;STR;CAZ0;Puyol-Cazalet;RTCM3;1004,1005,1006,1008,1012,1019,1020,1033,1042,1046,1077,1087,1097,1107,1127,1230;2;GLO+GAL+SBS+BDS+GPS;NONE;FRA;43.607;-0.401;0;0;NTRIPRTKBaseU-blox_ZED-F9P2.4.21.32;none;N;N;15200;CentipedeRTK
;STR;CCHC;Chateauneuf-du-Faou;RTCM3;1004,1005,1006,1008,1012,1019,1020,1033,1042,1046,1077,1087,1097,1107,1127,1230;2;GLO+GAL+SBS+BDS+GPS;NONE;FRA;48.194;-3.821;0;0;NTRIPRTKBaseU-blox_ZED-F9P2.4.11.32;none;N;N;15200;CentipedeRTK
;STR;CCPI;Lanrivoare;RTCM3;1004,1005,1006,1008,1012,1019,1020,1033,1042,1046,1077,1087,1097,1107,1127,1230;2;GLO+GAL+SBS+BDS+GPS;NONE;FRA;48.470;-4.646;0;0;NTRIPRTKBaseUblox_ZED-F9P2.4.11.13;none;N;N;15200;CentipedeRTK
;STR;CDA2;Miermaigne;RTCM3;1004,1005,1006,1008,1012,1019,1020,1033,1042,1077,1087,1097,1107,1127,1230;2;GLO+GAL+SBS+BDS+GPS;NONE;FRA;48.254;0.989;0;0;NTRIPRTKBaseUblox_ZED-F9P2.3.3;none;N;N;15200;CentipedeRTK
;STR;CEAU2;Agris;RTCM3;1004,1005,1006,1008,1012,1019,1020,1033,1042,1046,1077,1087,1097,1107,1127,1230;2;GLO+GAL+SBS+BDS+GPS;NONE;FRA;45.782;0.350;0;0;NTRIPRTKBaseUblox_ZED-F9P2.4.01.13;none;N;N;15200;CentipedeRTK
;STR;CERM;Mirabel;RTCM3;1004,1005,1006,1008,1012,1019,1020,1033,1042,1046,1077,1087,1097,1107,1127,1230;2;GLO+GAL+SBS+BDS+GPS;NONE;FRA;44.579;4.501;0;0;NTRIPRTKBaseU-blox_ZED-F9P2.4.21.32;none;N;N;15200;CentipedeRTK
;STR;CGRO;Marie;RTCM3;1006,1008,1019,1020,1033,1077,1087,1097,1230;2;GLO+GAL+GPS;NONE;FRA;44.047;7.200;0;0;NTRIPTRIMBLENETR95.45,06/MAR/2;none;N;N;15200;CentipedeRTK
;STR;CHAMB;Mesnils-sur-Iton;RTCM3;1004,1005,1006,1008,1012,1019,1020,1033,1042,1046,1077,1087,1097,1107,1127,1230;2;GLO+GAL+SBS+BDS+GPS;NONE;FRA;48.840;1.000;0;0;NTRIPRTKBaseUblox_ZED-F9P2.3.3;none;N;N;15200;CentipedeRTK
;STR;CHARO;Vendenesse-les-Charolles;RTCM3;1004,1005,1006,1008,1012,1019,1020,1033,1042,1046,1077,1087,1097,1107,1127,1230;2;GLO+GAL+SBS+BDS+GPS;NONE;FRA;46.442;4.307;0;0;NTRIPRTKBaseUblox_ZED-F9P2.4.11.13;none;N;N;15200;CentipedeRTK
;STR;CHAU;Chaussoy-Epagny;RTCM3;1004,1005,1006,1007,1008,1012,1019,1020,1033,1042,1077,1087,1097,1107,1127,1230;2;GLO+GAL+SBS+BDS+GPS;NONE;FRA;49.728;2.331;0;0;NTRIPRTKBaseU-blox_ZED-F9P2.4.11.32;none;N;N;15200;CentipedeRTK
;STR;CHTL;LaTour-en-Maurienne;RTCM3;1006,1008,1019,1020,1033,1077,1087,1097,1230;2;GLO+GAL+GPS;NONE;FRA;45.304;6.359;0;0;NTRIPTRIMBLENETR95.48,13/AUG/2;none;N;N;15200;CentipedeRTK
;STR;CITRU;San-Giuliano;RTCM3;1004,1005,1006,1008,1012,1019,1020,1033,1042,1046,1077,1087,1097,1107,1127,1230;2;GLO+GAL+SBS+BDS+GPS;NONE;FRA;42.286;9.521;0;0;NTRIPRTKBaseUblox_ZED-F9P2.3.0;none;N;N;15200;CentipedeRTK
;STR;CLAUD;Claudon;RTCM3;1004,1005,1006,1008,1012,1019,1020,1033,1042,1046,1077,1087,1097,1107,1127,1230;2;GLO+GAL+SBS+BDS+GPS;NONE;FRA;48.032;6.020;0;0;NTRIPRTKBaseUblox_ZED-F9P2.2.0;none;N;N;15200;CentipedeRTK
;STR;CLFA;Savigneux;RTCM3;1004,1005,1006,1008,1012,1019,1020,1033,1042,1046,1077,1087,1097,1107,1127,1230;2;GLO+GAL+SBS+BDS+GPS;NONE;FRA;45.619;4.083;0;0;NTRIPRTKBaseU-blox_ZED-F9P2.4.11.32;none;N;N;15200;CentipedeRTK
;STR;CLMRY;Clemery;RTCM3;1004,1005,1006,1008,1012,1019,1020,1033,1042,1046,1077,1087,1097,1107,1127,1230;2;GLO+GAL+SBS+BDS+GPS;NONE;FRA;48.883;6.175;0;0;NTRIPRTKBaseUblox_ZED-F9P2.3.1;none;N;N;15200;CentipedeRTK
;STR;CN56;Pont-Scorff;RTCM3;1004,1005,1006,1008,1012,1019,1020,1033,1042,1077,1087,1097,1107,1127,1230;2;GLO+GAL+SBS+BDS+GPS;NONE;FRA;47.843;-3.413;0;0;NTRIPRTKBasesimpleRTK2B2.3.4;none;N;N;15200;CentipedeRTK
;STR;COLI;Saint-Leu;RTCM3;1004,1005,1006,1008,1012,1019,1020,1033,1042,1046,1077,1087,1097,1107,1127,1230;2;GLO+GAL+SBS+BDS+GPS;NONE;FRA;-21.144;55.300;0;0;NTRIPRTKBaseU-blox_ZED-F9P2.4.11.32;none;N;N;15200;CentipedeRTK
;STR;COND;Oissery;RTCM3;1004,1005,1006,1008,1012,1019,1020,1033,1042,1046,1077,1087,1097,1107,1127,1230;2;GLO+GAL+SBS+BDS+GPS;NONE;FRA;49.065;2.844;0;0;NTRIPRTKBaseU-blox_ZED-F9P2.4.11.32;none;N;N;15200;CentipedeRTK
;STR;CQ49;Vernantes;RTCM3;1004,1005,1006,1008,1012,1019,1020,1033,1042,1046,1077,1087,1097,1107,1127,1230;2;GLO+GAL+SBS+BDS+GPS;NONE;FRA;47.406;-0.018;0;0;NTRIPRTKBaseU-blox_ZED-F9P2.4.11.32;none;N;N;15200;CentipedeRTK
;STR;CRIEL;Touffreville-sur-Eu;RTCM3;1004,1005,1006,1008,1012,1019,1020,1033,1042,1046,1077,1087,1097,1107,1127,1230;2;GLO+GAL+SBS+BDS+GPS;NONE;FRA;50.001;1.326;0;0;NTRIPRTKBaseUblox_ZED-F9P2.4.01.13;none;N;N;15200;CentipedeRTK
;STR;CRO2;Crolles;RTCM3;1004,1005,1006,1008,1012,1019,1020,1033,1042,1046,1077,1087,1097,1107,1127,1230;2;GLO+GAL+SBS+BDS+GPS;NONE;FRA;45.272;5.891;0;0;NTRIPRTKBaseUblox_ZED-F9P2.4.01.13;none;N;N;15200;CentipedeRTK
;STR;CSOR;HUN;RTCM3;1004,1005,1006,1008,1012,1019,1020,1033,1042,1046,1077,1087,1097,1107,1127,1230;2;GLO+GAL+SBS+BDS+GPS;NONE;HUN;47.206;18.267;0;0;NTRIPRTKBaseU-blox_ZED-F9P2.4.11.32;none;N;N;15200;CentipedeRTK
;STR;CT02;Saint-Medard-dAunis;RTCM3;1004,1005,1006,1008,1012,1019,1020,1033,1042,1046,1077,1087,1097,1107,1127,1230;3;GLO+GAL+SBS+BDS+GPS;NONE;FRA;46.165;-0.949;0;0;NTRIPSEPTMOSAIC-X54.12.1;none;N;N;15200;CentipedeRTK
;STR;CVRA;Valence;RTCM3;1004,1005,1006,1008,1012,1019,1020,1033,1042,1046,1077,1087,1097,1107,1127,1230;2;GLO+GAL+SBS+BDS+GPS;NONE;FRA;44.928;4.923;0;0;NTRIPRTKBaseUblox_ZED-F9P2.4.11.32;none;N;N;15200;CentipedeRTK
;STR;DBOUT;Saint-Vincent-du-Lorouer;RTCM3;1004,1005,1006,1008,1012,1019,1020,1033,1042,1046,1077,1087,1097,1107,1127,1230;2;GLO+GAL+SBS+BDS+GPS;NONE;FRA;47.833;0.476;0;0;NTRIPRTKBaseUblox_ZED-F9P2.3.1;none;N;N;15200;CentipedeRTK
;STR;DECAL;Mesnil-Martinsart;RTCM3;1004,1005,1006,1008,1012,1019,1020,1033,1042,1077,1087,1097,1107,1127,1230;2;GLO+GAL+SBS+BDS+GPS;NONE;FRA;50.052;2.646;0;0;NTRIPRTKBaseUblox_ZED-F9P2.3.4;none;N;N;15200;CentipedeRTK
;STR;DEFLAU;Lafox;RTCM3;1004,1005,1006,1008,1012,1019,1020,1033,1042,1077,1087,1097,1107,1127,1230;2;GLO+GAL+SBS+BDS+GPS;NONE;FRA;44.167;0.688;0;0;NTRIPRTKBaseUblox_ZED-F9P2.3.4;none;N;N;15200;CentipedeRTK
;STR;DELP;Saint-Sauvant;RTCM3;1004,1005,1006,1008,1012,1019,1020,1033,1042,1077,1087,1097,1107,1127,1230;2;GLO+GAL+SBS+BDS+GPS;NONE;FRA;46.374;0.099;0;0;NTRIPRTKBaseUblox_ZED-F9P2.3.4;none;N;N;15200;CentipedeRTK
;STR;DESC;Saintes;RTCM3;1004,1005,1006,1008,1012,1019,1020,1033,1042,1046,1077,1087,1097,1107,1127,1230;2;GLO+GAL+SBS+BDS+GPS;NONE;FRA;45.760;-0.650;0;0;NTRIPRTKBaseU-blox_ZED-F9P2.4.11.32;none;N;N;15200;CentipedeRTK
;STR;DEWB;NLD;RTCM3;1004,1005,1006,1008,1012,1019,1020,1033,1042,1046,1077,1087,1097,1107,1127,1230;2;GLO+GAL+SBS+BDS+GPS;NONE;NLD;52.843;6.718;0;0;NTRIPRTKBaseU-blox_ZED-F9P2.4.11.32;none;N;N;15200;CentipedeRTK
;STR;DMZ;Domazan;RTCM3;1004,1005,1006,1008,1012,1019,1020,1033,1042,1046,1077,1087,1097,1107,1127,1230;2;GLO+GAL+SBS+BDS+GPS;NONE;FRA;43.938;4.665;0;0;NTRIPRTKBaseUblox_ZED-F9P2.3.1;none;N;N;15200;CentipedeRTK
;STR;DORI;HUN;RTCM3;1004,1005,1006,1008,1012,1019,1020,1033,1042,1046,1077,1087,1097,1107,1127,1230;2;GLO+GAL+SBS+BDS+GPS;NONE;HUN;47.328;19.109;0;0;NTRIPRTKBaseU-blox_ZED-F9P2.4.11.13;none;N;N;15200;CentipedeRTK
;STR;DREUXS;Duras;RTCM3;1004,1005,1006,1008,1012,1019,1020,1033,1042,1046,1077,1087,1097,1107,1127,1230;2;GLO+GAL+SBS+BDS+GPS;NONE;FRA;44.692;0.166;0;0;NTRIPRTKBaseUblox_ZED-F9P2.3.1;none;N;N;15200;CentipedeRTK
;STR;DURAS2;Duras;RTCM3;1004,1006,1008,1012,1033;2;GLO+GPS;NONE;FRA;44.677;0.179;0;0;NTRIPNOVOEM729-2.01OM7MR0500RN0000;none;N;N;15200;CentipedeRTK
;STR;DVSLO;Saint-Lo;RTCM3;1004,1005,1006,1008,1012,1019,1020,1033,1042,1046,1077,1087,1097,1107,1127,1230;2;GLO+GAL+SBS+BDS+GPS;NONE;FRA;49.102;-1.072;0;0;NTRIPRTKBaseUblox_ZED-F9P2.3.1;none;N;N;15200;CentipedeRTK
;STR;ECM3;FRA;RTCM3;;2;;;FRA;0.00;0.00;0;0;;;N;N;15200;CentipedeRTK
;STR;EJPB;Montigny-le-Chartif;RTCM3;1004,1005,1006,1008,1012,1019,1020,1033,1042,1046,1077,1087,1097,1107,1127,1230;2;GLO+GAL+SBS+BDS+GPS;NONE;FRA;48.280;1.169;0;0;NTRIPRTKBaseU-blox_ZED-F9P2.4.11.32;none;N;N;15200;CentipedeRTK
;STR;ELISA;BEL;RTCM3;1004,1005,1006,1008,1012,1019,1020,1033,1042,1077,1087,1097,1107,1127,1230;2;GLO+GAL+SBS+BDS+GPS;NONE;BEL;50.547;4.452;0;0;NTRIPRTKBaseUblox_ZED-F9P2.3.4;none;N;N;15200;CentipedeRTK
;STR;EMC2B;Filstroff;RTCM3;1004,1005,1006,1008,1012,1019,1020,1033,1042,1077,1087,1097,1107,1127,1230;2;GLO+GAL+SBS+BDS+GPS;NONE;FRA;49.311;6.523;0;0;NTRIPRTKBaseUblox_ZED-F9P2.3.4;none;N;N;15200;CentipedeRTK
;STR;EMO4G;FRA;RTCM3;1004,1005,1006,1008,1012,1019,1020,1033,1042,1046,1077,1087,1097,1107,1127,1230;2;GLO+GAL+SBS+BDS+GPS;NONE;FRA;80.000;0.00;0;0;NTRIPRTKBaseU-blox_ZED-F9P2.4.11.32;none;N;N;15200;CentipedeRTK
;STR;ENFP;Toulouse;RTCM3;1004,1005,1006,1008,1012,1019,1020,1033,1042,1046,1077,1087,1097,1107,1127,1230;2;GLO+GAL+SBS+BDS+GPS;NONE;FRA;43.596;1.378;0;0;NTRIPRTKBaseU-blox_ZED-F9P2.4.11.32;none;N;N;15200;CentipedeRTK
;STR;ENSG2;Champs-sur-Marne;RTCM3;1004,1005,1006,1008,1012,1033,1077,1087,1097,1107,1230;2;GLO+GAL+SBS+GPS;NONE;FRA;48.841;2.587;0;0;NTRIPSPECTRASP90M4.21;none;N;N;15200;CentipedeRTK
;STR;ENSIP;Poitiers;RTCM3;1004,1005,1006,1008,1012,1019,1020,1033,1042,1046,1077,1087,1097,1107,1127,1230;2;GLO+GAL+SBS+BDS+GPS;NONE;FRA;46.569;0.383;0;0;NTRIPRTKBaseUblox_ZED-F9P2.3.3;none;N;N;15200;CentipedeRTK
;STR;EOAA;Chateauneuf-de-Galaure;RTCM3;1005,1008,1033,1075,1085,1095,1125,1230;2;GLO+GAL+BDS+GPS;NONE;FRA;45.250;4.988;0;0;NTRIPRTKBaseUblox_ZED-F9P2.3.4;none;N;N;15200;CentipedeRTK
;STR;EPI70;Vellemoz;RTCM3;1004,1005,1006,1008,1012,1019,1020,1033,1042,1077,1087,1097,1107,1127,1230;2;GLO+GAL+SBS+BDS+GPS;NONE;FRA;47.476;5.784;0;0;NTRIPRTKBaseUblox_ZED-F9P2.3.1;none;N;N;15200;CentipedeRTK
;STR;ESTMO;Estrees-Mons;RTCM3;1004,1005,1006,1008,1012,1019,1020,1033,1042,1046,1077,1087,1097,1107,1127,1230;2;GLO+GAL+SBS+BDS+GPS;NONE;FRA;49.876;3.031;0;0;NTRIPRTKBaseU-blox_ZED-F9P2.4.11.13;none;N;N;15200;CentipedeRTK
;STR;ETOG;Etoges;RTCM3;1004,1005,1006,1008,1012,1019,1020,1033,1042,1046,1077,1087,1097,1107,1127,1230;2;GLO+GAL+SBS+BDS+GPS;NONE;FRA;48.883;3.845;0;0;NTRIPRTKBaseU-blox_ZED-F9P2.4.11.32;none;N;N;15200;CentipedeRTK
;STR;FAB64;Sauveterre-de-Bearn;RTCM3;1004,1005,1006,1008,1012,1019,1020,1033,1042,1046,1077,1087,1097,1107,1127,1230;2;GLO+GAL+SBS+BDS+GPS;NONE;FRA;43.402;-0.949;0;0;NTRIPRTKBaseUblox_ZED-F9P2.3.1;none;N;N;15200;CentipedeRTK
;STR;FASPE;CHZ;RTCM3;1004,1005,1006,1008,1012,1019,1020,1033,1042,1046,1077,1087,1097,1107,1127,1230;2;GLO+GAL+SBS+BDS+GPS;NONE;CHZ;46.684;6.605;0;0;NTRIPRTKBaseUblox_ZED-F9P2.2.0;none;N;N;15200;CentipedeRTK
;STR;FCMR;Mergey;RTCM3;1004,1005,1006,1008,1012,1019,1020,1033,1042,1046,1077,1087,1097,1107,1127,1230;2;GLO+GAL+SBS+BDS+GPS;NONE;FRA;48.384;4.011;0;0;NTRIPRTKBaseUblox_ZED-F9P2.4.21.32;none;N;N;15200;CentipedeRTK
;STR;FDN1;Fontaine-Denis-Nuisy;RTCM3;1004,1005,1006,1008,1012,1019,1020,1033,1042,1046,1077,1087,1097,1107,1127,1230;2;GLO+GAL+SBS+BDS+GPS;NONE;FRA;48.624;3.687;0;0;NTRIPRTKBaseUblox_ZED-F9P2.4.01.30;none;N;N;15200;CentipedeRTK
;STR;FEUG;Feugeres;RTCM3;1004,1005,1006,1008,1012,1019,1020,1033,1042,1046,1077,1087,1097,1107,1127,1230;2;GLO+GAL+SBS+BDS+GPS;NONE;FRA;49.151;-1.318;0;0;NTRIPRTKBaseU-blox_ZED-F9P2.4.11.32;none;N;N;15200;CentipedeRTK
;STR;FIGUE;Castanet;RTCM3;1004,1005,1006,1008,1012,1019,1020,1033,1042,1046,1077,1087,1097,1107,1127,1230;2;GLO+GAL+SBS+BDS+GPS;NONE;FRA;44.271;1.920;0;0;NTRIPRTKBaseUblox_ZED-F9P2.3.0;none;N;N;15200;CentipedeRTK
;STR;FLAV;Flavy-le-Meldeux;RTCM3;1004,1005,1006,1008,1012,1019,1020,1033,1042,1046,1077,1087,1097,1107,1127,1230;2;GLO+GAL+SBS+BDS+GPS;NONE;FRA;49.684;3.041;0;0;NTRIPRTKBaseU-blox_ZED-F9P2.4.11.12;none;N;N;15200;CentipedeRTK
;STR;FLO18;Saint-Laon;RTCM3;1004,1005,1006,1008,1012,1019,1020,1033,1042,1046,1077,1087,1097,1107,1127,1230;2;GLO+GAL+SBS+BDS+GPS;NONE;FRA;46.983;0.00;0;0;NTRIPRTKBaseU-blox_ZED-F9P2.4.21.32;none;N;N;15200;CentipedeRTK
;STR;FORCA;Forcalquier;RTCM3;1004,1005,1006,1008,1012,1019,1020,1033,1042,1046,1077,1087,1097,1107,1127,1230;2;GLO+GAL+SBS+BDS+GPS;NONE;FRA;43.960;5.781;0;0;NTRIPRTKBaseUblox_ZED-F9P2.4.11.13;none;N;N;15200;CentipedeRTK
;STR;FOUR1;Monflanquin;RTCM3;1004,1005,1006,1008,1012,1019,1020,1033,1042,1046,1077,1087,1097,1107,1127,1230;2;GLO+GAL+SBS+BDS+GPS;NONE;FRA;44.530;0.797;0;0;NTRIPRTKBaseUblox_ZED-F9P2.4.01.32;none;N;N;15200;CentipedeRTK
;STR;FRAE;Latilly;RTCM3;1004,1005,1006,1008,1012,1019,1020,1033,1042,1077,1087,1097,1107,1127,1230;2;GLO+GAL+SBS+BDS+GPS;NONE;FRA;49.156;3.313;0;0;NTRIPRTKBaseUblox_ZED-F9P2.3.4;none;N;N;15200;CentipedeRTK
;STR;FRSAM;BEL;RTCM3;1004,1005,1006,1008,1012,1019,1020,1033,1042,1077,1087,1097,1107,1127,1230;2;GLO+GAL+SBS+BDS+GPS;NONE;BEL;50.339;4.694;0;0;NTRIPRTKBaseUblox_ZED-F9P2.3.1;none;N;N;15200;CentipedeRTK
;STR;FRTK18;Saint-Georges-de-Poisieux;RTCM3;1005,1077,1087,1097,1127,1230;2;GLO+GAL+BDS+GPS;NONE;FRA;46.675;2.497;0;0;NTRIP;none;N;N;15200;CentipedeRTK
;STR;FRTK49;Cernusson;RTCM3;1005,1008,1077,1087,1097,1127,1230;2;GLO+GAL+BDS+GPS;NONE;FRA;47.163;-0.496;0;0;NTRIP;none;N;N;15200;CentipedeRTK
;STR;FRTK64;Simacourbe;RTCM3;1004,1005,1006,1008,1012,1019,1020,1033,1042,1046,1077,1087,1097,1107,1127,1230;2;GLO+GAL+SBS+BDS+GPS;NONE;FRA;43.453;-0.167;0;0;NTRIPRTKBaseF9P-FARMTEK2.2.0;none;N;N;15200;CentipedeRTK
;STR;FSS02;CHZ;RTCM3;1004,1005,1006,1008,1012,1019,1020,1033,1042,1046,1077,1087,1097,1107,1127,1230;2;GLO+GAL+SBS+BDS+GPS;NONE;CHZ;47.015;6.852;0;0;NTRIPRTKBaseUblox_ZED-F9P2.4.21.13;none;N;N;15200;CentipedeRTK
;STR;GAECH;CHZ;RTCM3;1004,1005,1006,1008,1012,1019,1020,1033,1042,1046,1077,1087,1097,1107,1127,1230;2;GLO+GAL+SBS+BDS+GPS;NONE;CHZ;47.128;7.447;0;0;NTRIPRTKBaseUblox_ZED-F9P2.4.21.30;none;N;N;15200;CentipedeRTK
;STR;GARRI;Mayrac;RTCM3;1004,1005,1006,1008,1012,1019,1020,1033,1042,1046,1077,1087,1097,1107,1127,1230;2;GLO+GAL+SBS+BDS+GPS;NONE;FRA;44.896;1.539;0;0;NTRIPRTKBaseunknown2.4.11.13;none;N;N;15200;CentipedeRTK
;STR;GDCRT;Gondecourt;RTCM3;1004,1005,1006,1008,1012,1019,1020,1033,1042,1046,1077,1087,1097,1107,1127,1230;2;GLO+GAL+SBS+BDS+GPS;NONE;FRA;50.538;2.986;0;0;NTRIPRTKBaseUblox_ZED-F9P2.4.11.32;none;N;N;15200;CentipedeRTK
;STR;GEOP;Perpignan;RTCM3;1004,1005,1006,1008,1012,1019,1020,1033,1042,1046,1077,1087,1097,1107,1127,1230;2;GLO+GAL+SBS+BDS+GPS;NONE;FRA;42.698;2.935;0;0;NTRIPRTKBaseU-blox_ZED-F9P2.4.11.32;none;N;N;15200;CentipedeRTK
;STR;GERS;Auch;RTCM3;1004,1005,1006,1008,1012,1019,1020,1033,1042,1046,1077,1087,1097,1107,1127,1230;2;GLO+GAL+SBS+BDS+GPS;NONE;FRA;43.647;0.577;0;0;NTRIPRTKBaseUblox_ZED-F9P2.4.11.13;none;N;N;15200;CentipedeRTK
;STR;GINA;Saint-Paul-les-Durance;RTCM3;1006,1008,1013,1033,1077,1087,1097,1230;2;GLO+GAL+GPS;NONE;FRA;43.676;5.787;0;0;NTRIPLEICAGR254.30.063;none;N;N;15200;CentipedeRTK
;STR;GOHAN;Villers-aux-Erables;RTCM3;1004,1005,1006,1008,1012,1019,1020,1033,1042,1046,1077,1087,1097,1107,1127,1230;2;GLO+GAL+SBS+BDS+GPS;NONE;FRA;49.787;2.538;0;0;NTRIPRTKBaseUblox_ZED-F9P2.3.4;none;N;N;15200;CentipedeRTK
;STR;GORA;SEN;RTCM3;1004,1005,1006,1008,1012,1019,1020,1033,1042,1046,1077,1087,1097,1107,1127,1230;2;GLO+GAL+SBS+BDS+GPS;NONE;SEN;14.785;-17.311;0;0;NTRIPRTKBaseU-blox_ZED-F9P2.4.11.32;none;N;N;15200;CentipedeRTK
;STR;GRASE;Hunspach;RTCM3;1004,1005,1006,1008,1012,1019,1020,1033,1042,1046,1077,1087,1097,1107,1127,1230;2;GLO+GAL+SBS+BDS+GPS;NONE;FRA;48.963;7.908;0;0;NTRIPRTKBaseUblox_ZED-F9P2.3.4;none;N;N;15200;CentipedeRTK
;STR;GRAV;Lagarde;RTCM3;1004,1005,1006,1008,1012,1019,1020,1033,1042,1046,1077,1087,1097,1107,1127,1230;2;GLO+GAL+SBS+BDS+GPS;NONE;FRA;43.344;1.713;0;0;NTRIPRTKBaseUblox_ZED-F9P2.4.21.30;none;N;N;15200;CentipedeRTK
;STR;GREG;HUN;RTCM3;1004,1005,1006,1008,1012,1019,1020,1033,1077,1087,1097,1107,1127,1230;2;GLO+GAL+SBS+BDS+GPS;NONE;HUN;46.220;20.195;0;0;NTRIPRTKBaseU-blox_ZED-F9P2.4.11.13;none;N;N;15200;CentipedeRTK
;STR;GREZ77;Grez-sur-Loing;RTCM3;1004,1005,1006,1008,1012,1019,1020,1033,1042,1046,1077,1087,1097,1107,1127,1230;2;GLO+GAL+SBS+BDS+GPS;NONE;FRA;48.309;2.684;0;0;NTRIPRTKBaseUblox_ZED-F9P2.4.01.13;none;N;N;15200;CentipedeRTK
;STR;GUIGO;Kriegsheim;RTCM3;1004,1005,1006,1008,1012,1019,1020,1033,1042,1046,1077,1087,1097,1107,1127,1230;2;GLO+GAL+SBS+BDS+GPS;NONE;FRA;48.759;7.727;0;0;NTRIPRTKBaseUblox_ZED-F9P2.2.0;none;N;N;15200;CentipedeRTK
;STR;GUISS;FRA;RTCM3;1004,1005,1006,1008,1012,1019,1020,1033,1042,1046,1077,1087,1097,1107,1127,1230;2;GLO+GAL+SBS+BDS+GPS;NONE;FRA;48.633;-4.408;0;0;NTRIPRTKBaseU-blox_ZED-F9P2.4.21.11;none;N;N;15200;CentipedeRTK
;STR;GVIL;Guillonville;RTCM3;1004,1005,1006,1008,1012,1019,1020,1033,1042,1077,1087,1097,1107,1127,1230;2;GLO+GAL+SBS+BDS+GPS;NONE;FRA;48.091;1.664;0;0;NTRIPRTKBaseUblox_ZED-F9P2.3.4;none;N;N;15200;CentipedeRTK
;STR;GY45;Saint-Maurice-sur-Aveyron;RTCM3;1004,1005,1006,1008,1012,1019,1020,1033,1042,1046,1077,1087,1097,1107,1127,1230;2;GLO+GAL+SBS+BDS+GPS;NONE;FRA;47.870;2.898;0;0;NTRIPRTKBaseU-blox_ZED-F9P2.4.11.32;none;N;N;15200;CentipedeRTK
;STR;GYUGY;HUN;RTCM3;1004,1005,1006,1008,1012,1019,1020,1033,1042,1046,1077,1087,1097,1107,1127,1230;2;GLO+GAL+SBS+BDS+GPS;NONE;HUN;46.692;17.685;0;0;NTRIPRTKBaseU-blox_ZED-F9P2.4.11.32;none;N;N;15200;CentipedeRTK
;STR;HAUR;Saint-Laurent-Bretagne;RTCM3;1004,1005,1006,1008,1012,1019,1020,1033,1042,1046,1077,1087,1097,1107,1127,1230;2;GLO+GAL+SBS+BDS+GPS;NONE;FRA;43.390;-0.200;0;0;NTRIPRTKBaseUblox_ZED-F9P2.4.11.13;none;N;N;15200;CentipedeRTK
;STR;HFRM;HUN;RTCM3;1004,1005,1006,1008,1012,1019,1020,1033,1042,1046,1077,1087,1097,1107,1127,1230;2;GLO+GAL+SBS+BDS+GPS;NONE;HUN;46.043;18.281;0;0;NTRIPRTKBaseU-blox_ZED-F9P2.4.11.13;none;N;N;15200;CentipedeRTK
;STR;HORA;Villexavier;RTCM3;1004,1005,1006,1008,1012,1019,1020,1033,1042,1046,1077,1087,1097,1107,1127,1230;2;GLO+GAL+SBS+BDS+GPS;NONE;FRA;45.372;-0.438;0;0;NTRIPRTKBaseUblox_ZED-F9P2.4.1;none;N;N;15200;CentipedeRTK
;STR;HSG68;Hausgauen;RTCM3;1004,1005,1006,1008,1012,1019,1020,1033,1042,1046,1077,1087,1097,1107,1127,1230;2;GLO+GAL+SBS+BDS+GPS;NONE;FRA;47.604;7.322;0;0;NTRIPRTKBaseUblox_ZED-F9P2.3.1;none;N;N;15200;CentipedeRTK
;STR;HYE1;FRA;RTCM3;1004,1005,1006,1008,1012,1019,1020,1033,1042,1077,1087,1097,1107,1127,1230;2;GLO+GAL+SBS+BDS+GPS;NONE;FRA;43.121;6.125;0;0;NTRIPRTKBaseUblox_ZED-F9P2.3.4;none;N;N;15200;CentipedeRTK
;STR;INP01;BEN;RTCM3;1004,1005,1006,1008,1012,1019,1020,1033,1042,1077,1087,1097,1107,1127,1230;2;GLO+GAL+SBS+BDS+GPS;NONE;BEN;6.871;-5.238;0;0;NTRIPRTKBaseUblox_ZED-F9P2.3.4;none;N;N;15200;CentipedeRTK
;STR;IUEM;Plouzane;RTCM3;1004,1005,1006,1008,1012,1019,1020,1033,1042,1046,1077,1087,1097,1107,1127,1230;2;GLO+GAL+SBS+BDS+GPS;NONE;FRA;48.359;-4.563;0;0;NTRIPRTKBaseUblox_ZED-F9P2.4.11.13;none;N;N;15200;CentipedeRTK
;STR;JANC;HUN;RTCM3;1004,1005,1006,1008,1012,1019,1020,1033,1042,1046,1077,1087,1097,1107,1127,1230;2;GLO+GAL+SBS+BDS+GPS;NONE;HUN;47.246;20.541;0;0;NTRIPRTKBaseU-blox_ZED-F9P2.4.11.13;none;N;N;15200;CentipedeRTK
;STR;JAUB;Saint-Maixent-sur-Vie;RTCM3;1004,1005,1006,1008,1012,1019,1020,1033,1042,1046,1077,1087,1097,1107,1127,1230;2;GLO+GAL+SBS+BDS+GPS;NONE;FRA;46.728;-1.840;0;0;NTRIPRTKBaseU-blox_ZED-F9P2.4.11.32;none;N;N;15200;CentipedeRTK
;STR;JBCH;Annemasse;RTCM3;1004,1005,1006,1008,1012,1019,1020,1033,1042,1046,1077,1087,1097,1107,1127,1230;2;GLO+GAL+SBS+BDS+GPS;NONE;FRA;46.186;6.248;0;0;NTRIPRTKBaseU-blox_ZED-F9P2.4.1;none;N;N;15200;CentipedeRTK
;STR;JBR;Salmbach;RTCM3;1004,1005,1006,1008,1012,1019,1020,1033,1042,1046,1077,1087,1097,1107,1127,1230;2;GLO+GAL+SBS+BDS+GPS;NONE;FRA;48.976;8.077;0;0;NTRIPRTKBaseunknown2.4.1;none;N;N;15200;CentipedeRTK
;STR;JFDE;BEL;RTCM3;1004,1005,1006,1008,1012,1019,1020,1033,1042,1077,1087,1097,1107,1127,1230;2;GLO+GAL+SBS+BDS+GPS;NONE;BEL;50.677;4.182;0;0;NTRIPRTKBaseUblox_ZED-F9P2.3.4;none;N;N;15200;CentipedeRTK
;STR;JGUI;Guilleville;RTCM3;1005,1008,1075,1085,1095,1125,1230;2;GLO+GAL+BDS+GPS;NONE;FRA;48.225;1.813;0;0;NTRIP;none;N;N;15200;CentipedeRTK
;STR;JODO;LaJaudonniere;RTCM3;1005,1008,1033,1075,1085,1095,1125,1230;2;GLO+GAL+BDS+GPS;NONE;FRA;46.661;-0.956;0;0;NTRIPRTKBaseU-blox_ZED-F9P2.4.11.32;none;N;N;15200;CentipedeRTK
;STR;JUAN;Moncel-sur-Vair;RTCM3;1004,1005,1006,1008,1012,1019,1020,1033,1042,1046,1077,1087,1097,1107,1127,1230;2;GLO+GAL+SBS+BDS+GPS;NONE;FRA;48.423;5.698;0;0;NTRIPRTKBaseU-blox_ZED-F9P2.4.11.32;none;N;N;15200;CentipedeRTK
;STR;JURE;SRB;RTCM3;1004,1005,1006,1008,1012,1019,1020,1033,1042,1046,1077,1087,1097,1107,1127,1230;2;GLO+GAL+SBS+BDS+GPS;NONE;SRB;45.851;19.218;0;0;NTRIPRTKBaseU-blox_ZED-F9P2.4.11.13;none;N;N;15200;CentipedeRTK
;STR;KAL2;Hasparren;RTCM3;1004,1005,1006,1008,1012,1019,1020,1033,1042,1046,1077,1087,1097,1107,1127,1230;2;GLO+GAL+SBS+BDS+GPS;NONE;FRA;43.396;-1.361;0;0;NTRIPRTKBaseUblox_ZED-F9P2.4.11.32;none;N;N;15200;CentipedeRTK
;STR;KAPU;HUN;RTCM3;1004,1005,1006,1008,1012,1019,1020,1033,1042,1046,1077,1087,1097,1107,1127,1230;2;GLO+GAL+SBS+BDS+GPS;NONE;HUN;47.592;17.026;0;0;NTRIPRTKBaseU-blox_ZED-F9P2.4.11.32;none;N;N;15200;CentipedeRTK
;STR;KARD;HUN;RTCM3;1004,1005,1006,1008,1012,1019,1020,1033,1042,1046,1077,1087,1097,1107,1127,1230;2;GLO+GAL+SBS+BDS+GPS;NONE;HUN;46.807;20.700;0;0;NTRIPRTKBaseU-blox_ZED-F9P2.4.11.32;none;N;N;15200;CentipedeRTK
;STR;KEME;HUN;RTCM3;1004,1005,1006,1008,1012,1019,1020,1033,1042,1046,1077,1087,1097,1107,1127,1230;2;GLO+GAL+SBS+BDS+GPS;NONE;HUN;48.049;21.767;0;0;NTRIPRTKBaseU-blox_ZED-F9P2.4.11.32;none;N;N;15200;CentipedeRTK
;STR;KERL;LaRoche-Jaudy;RTCM3;1004,1005,1006,1008,1012,1019,1020,1033,1042,1046,1077,1087,1097,1107,1127,1230;2;GLO+GAL+SBS+BDS+GPS;NONE;FRA;48.731;-3.272;0;0;NTRIPRTKBaseU-blox_ZED-F9P2.4.11.32;none;N;N;15200;CentipedeRTK
;STR;KIRR;Hunspach;RTCM3;1004,1005,1006,1008,1012,1019,1020,1033,1042,1046,1077,1087,1097,1107,1127,1230;2;GLO+GAL+SBS+BDS+GPS;NONE;FRA;48.954;7.942;0;0;NTRIPRTKBaseU-blox_ZED-F9P2.4.21.32;none;N;N;15200;CentipedeRTK
;STR;KOLE;HUN;RTCM3;1004,1005,1006,1008,1012,1019,1020,1033,1042,1046,1077,1087,1097,1107,1127,1230;2;GLO+GAL+SBS+BDS+GPS;NONE;HUN;48.228;22.076;0;0;NTRIPRTKBaseU-blox_ZED-F9P2.4.11.32;none;N;N;15200;CentipedeRTK
;STR;KOT71;POL;RTCM3;1005,1008,1074,1084,1094,1124,1230;2;GLO+GAL+BDS+GPS;NONE;POL;51.155;15.513;0;0;NTRIP;none;N;N;15200;CentipedeRTK
;STR;KSDE;HUN;RTCM3;1004,1005,1006,1008,1012,1019,1020,1033,1042,1046,1077,1087,1097,1107,1127,1230;2;GLO+GAL+SBS+BDS+GPS;NONE;HUN;46.915;20.769;0;0;NTRIPRTKBaseU-blox_ZED-F9P2.4.11.32;none;N;N;15200;CentipedeRTK
;STR;KUNM;HUN;RTCM3;1004,1005,1006,1008,1012,1019,1020,1033,1042,1046,1077,1087,1097,1107,1127,1230;2;GLO+GAL+SBS+BDS+GPS;NONE;HUN;46.824;20.284;0;0;NTRIPRTKBaseU-blox_ZED-F9P2.4.11.13;none;N;N;15200;CentipedeRTK
;STR;LAB1;Troissereux;RTCM3;1004,1005,1006,1008,1012,1019,1020,1033,1046,1077,1087,1097,1107,1127,1230;2;GLO+GAL+SBS+BDS+GPS;NONE;FRA;49.466;2.073;0;0;NTRIPRTKBaseU-blox_ZED-F9P2.4.11.32;none;N;N;15200;CentipedeRTK
;STR;LAF32;Sainte-Mere;RTCM3;1005,1008,1075,1085,1095,1125,1230;2;GLO+GAL+BDS+GPS;NONE;FRA;44.000;0.668;0;0;NTRIP;none;N;N;15200;CentipedeRTK
;STR;LALI;HUN;RTCM3;1004,1005,1006,1008,1012,1019,1020,1033,1042,1046,1077,1087,1097,1107,1127,1230;2;GLO+GAL+SBS+BDS+GPS;NONE;HUN;47.129;18.945;0;0;NTRIPRTKBaseU-blox_ZED-F9P2.4.11.13;none;N;N;15200;CentipedeRTK
;STR;LAON;Monceau-le-Waast;RTCM3;1004,1005,1006,1008,1012,1019,1020,1033,1042,1046,1077,1087,1097,1107,1127,1230;2;GLO+GAL+SBS+BDS+GPS;NONE;FRA;49.619;3.712;0;0;NTRIPRTKBaseUblox_ZED-F9P2.4.11.13;none;N;N;15200;CentipedeRTK
;STR;LAVKO;Jeu-les-Bois;RTCM3;1004,1005,1006,1008,1012,1019,1020,1033,1042,1046,1077,1087,1097,1107,1127,1230;2;GLO+GAL+SBS+BDS+GPS;NONE;FRA;46.690;1.774;0;0;NTRIPRTKBaseU-blox_ZED-F9P2.4.11.32;none;N;N;15200;CentipedeRTK
;STR;LCBC;Loudeac;RTCM3;1004,1005,1006,1008,1012,1019,1020,1033,1042,1077,1087,1097,1107,1127,1230;2;GLO+GAL+SBS+BDS+GPS;NONE;FRA;48.178;-2.759;0;0;NTRIPRTKBaseUblox_ZED-F9P2.3.4;none;N;N;15200;CentipedeRTK
;STR;LEC76;Hattenville;RTCM3;1004,1005,1006,1008,1012,1019,1020,1033,1042,1046,1077,1087,1097,1107,1127,1230;2;GLO+GAL+SBS+BDS+GPS;NONE;FRA;49.655;0.535;0;0;NTRIPRTKBaseUblox_ZED-F9P2.4.01.30;none;N;N;15200;CentipedeRTK
;STR;LELEU;Gelucourt;RTCM3;1004,1005,1006,1008,1012,1019,1020,1033,1042,1046,1077,1087,1097,1107,1127,1230;2;GLO+GAL+SBS+BDS+GPS;NONE;FRA;48.760;6.727;0;0;NTRIPRTKBaseUblox_ZED-F9P1.12;none;N;N;15200;CentipedeRTK
;STR;LEMI;SRB;RTCM3;1004,1005,1006,1008,1012,1019,1020,1033,1042,1046,1077,1087,1097,1107,1127,1230;2;GLO+GAL+SBS+BDS+GPS;NONE;SRB;45.569;20.737;0;0;NTRIPRTKBaseUblox_ZED-F9P2.4.01.13;none;N;N;15200;CentipedeRTK
;STR;LESTR;Lestrem;RTCM3;1004,1005,1006,1008,1012,1019,1020,1033,1042,1046,1077,1087,1097,1107,1127,1230;2;GLO+GAL+SBS+BDS+GPS;NONE;FRA;50.608;2.683;0;0;NTRIPRTKBaseUblox_ZED-F9P2.3.1;none;N;N;15200;CentipedeRTK
;STR;LFRG;Herre;RTCM3;1004,1005,1006,1008,1012,1019,1020,1033,1042,1046,1077,1087,1097,1107,1127,1230;2;GLO+GAL+SBS+BDS+GPS;NONE;FRA;44.037;-0.075;0;0;NTRIPRTKBaseU-blox_ZED-F9P2.4.11.32;none;N;N;15200;CentipedeRTK
;STR;LH41;Chemery;RTCM3;1005,1008,1033,1075,1085,1095,1125,1230;2;GLO+GAL+BDS+GPS;NONE;FRA;47.342;1.495;0;0;NTRIPRTKBaseU-blox_ZED-F9P2.4.11.32;none;N;N;15200;CentipedeRTK
;STR;LIENSS;LaRochelle;RTCM3;1004,1005,1006,1008,1012,1019,1020,1033,1042,1046,1077,1087,1097,1107,1127,1230;2;GLO+GAL+SBS+BDS+GPS;NONE;FRA;46.143;-1.158;0;0;NTRIPRTKBaseUblox_ZED-F9P2.3.4;none;N;N;15200;CentipedeRTK
;STR;LLS1;Lons-le-Saunier;RTCM3;1004,1005,1006,1008,1012,1019,1020,1033,1042,1046,1077,1087,1097,1107,1127,1230;2;GLO+GAL+SBS+BDS+GPS;NONE;FRA;46.672;5.559;0;0;NTRIPRTKBaseUblox_ZED-F9P2.4.21.32;none;N;N;15200;CentipedeRTK
;STR;LMSN;Beausite;RTCM3;1004,1005,1006,1008,1012,1019,1020,1033,1042,1077,1087,1097,1107,1127,1230;2;GLO+GAL+SBS+BDS+GPS;NONE;FRA;48.970;5.190;0;0;NTRIPRTKBaseUblox_ZED-F9P2.3.1;none;N;N;15200;CentipedeRTK
;STR;LOLO;Thodure;RTCM3;1005,1008,1075,1085,1095,1125,1230;2;GLO+GAL+BDS+GPS;NONE;FRA;45.318;5.170;0;0;NTRIP;none;N;N;15200;CentipedeRTK
;STR;LOUL;Meuvaines;RTCM3;1004,1005,1006,1008,1012,1019,1020,1033,1042,1046,1077,1087,1097,1107,1127,1230;2;GLO+GAL+SBS+BDS+GPS;NONE;FRA;49.328;-0.563;0;0;NTRIPRTKBaseU-blox_ZED-F9P2.4.11.32;none;N;N;15200;CentipedeRTK
;STR;LRSEC;Vivaise;RTCM3;1004,1005,1006,1008,1012,1019,1020,1033,1042,1046,1074,1084,1094,1104,1124,1230;2;GLO+GAL+SBS+BDS+GPS;NONE;FRA;49.624;3.556;0;0;NTRIPRTKBaseUblox_ZED-F9P2.4.21.30;none;N;N;15200;CentipedeRTK
;STR;LUCOR;Luc-sur-Orbieu;RTCM3;1004,1005,1006,1008,1012,1019,1020,1033,1042,1046,1077,1087,1097,1107,1127,1230;2;GLO+GAL+SBS+BDS+GPS;NONE;FRA;43.176;2.782;0;0;NTRIPRTKBaseUblox_ZED-F9P2.3.3;none;N;N;15200;CentipedeRTK
;STR;LXLY;CHZ;RTCM3;1004,1005,1006,1008,1012,1019,1020,1033,1042,1046,1077,1087,1097,1107,1127,1230;2;GLO+GAL+SBS+BDS+GPS;NONE;CHZ;46.519;6.689;0;0;NTRIPRTKBaseU-blox_ZED-F9P2.4.11.13;none;N;N;15200;CentipedeRTK
;STR;MACO;Charnay-les-Macon;RTCM3;1004,1005,1006,1008,1012,1019,1020,1033,1042,1046,1077,1087,1097,1107,1127,1230;2;GLO+GAL+SBS+BDS+GPS;NONE;FRA;46.289;4.783;0;0;NTRIPRTKBaseUblox_ZED-F9P2.4.11.13;none;N;N;15200;CentipedeRTK
;STR;MAGC;Mazaye;RTCM3;1006,1033,1077,1087,1097,1127,1230;2;GLO+GAL+BDS+GPS;NONE;FRA;45.791;2.885;0;0;NTRIPTRIMBLEBD9705.63,01/NOV/2;none;N;N;15200;CentipedeRTK
;STR;MAHA;MDG;RTCM3;1004,1005,1006,1008,1012,1019,1020,1033,1042,1046,1077,1087,1097,1107,1127,1230;2;GLO+GAL+SBS+BDS+GPS;NONE;MDG;-15.711;46.338;0;0;NTRIPRTKBaseU-blox_ZED-F9P2.4.11.32;none;N;N;15200;CentipedeRTK
;STR;MANT;Saint-Pompain;RTCM3;1004,1005,1006,1008,1012,1019,1020,1033,1042,1046,1077,1087,1097,1107,1127,1230;2;GLO+GAL+SBS+BDS+GPS;NONE;FRA;46.437;-0.598;0;0;NTRIPRTKBaseU-blox_ZED-F9P2.4.11.32;none;N;N;15200;CentipedeRTK
;STR;MARK;HUN;RTCM3;1004,1005,1006,1008,1012,1019,1020,1033,1042,1046,1077,1087,1097,1107,1127,1230;2;GLO+GAL+SBS+BDS+GPS;NONE;HUN;47.899;22.677;0;0;NTRIPRTKBaseU-blox_ZED-F9P2.4.11.32;none;N;N;15200;CentipedeRTK
;STR;MASL;Courville-sur-Eure;RTCM3;1004,1005,1006,1008,1012,1019,1020,1033,1042,1046,1077,1087,1097,1107,1127,1230;2;GLO+GAL+SBS+BDS+GPS;NONE;FRA;48.450;1.262;0;0;NTRIPRTKBaseU-blox_ZED-F9P2.4.11.32;none;N;N;15200;CentipedeRTK
;STR;MATT;Challain-la-Potherie;RTCM3;1004,1005,1006,1008,1012,1019,1020,1033,1042,1046,1077,1087,1097,1107,1127,1230;2;GLO+GAL+SBS+BDS+GPS;NONE;FRA;47.635;-1.149;0;0;NTRIPRTKBaseU-blox_ZED-F9P2.4.11.32;none;N;N;15200;CentipedeRTK
;STR;MEC1;Toul;RTCM3;1004,1005,1006,1008,1012,1019,1020,1033,1042,1046,1077,1087,1097,1107,1127,1230;2;GLO+GAL+SBS+BDS+GPS;NONE;FRA;48.701;5.927;0;0;NTRIPRTKBaseU-Blox_ZED-F9P2.4.11.32;none;N;N;15200;CentipedeRTK
;STR;MEIX;LeMeix-Tiercelin;RTCM3;1004,1005,1006,1008,1012,1019,1020,1033,1042,1046,1077,1087,1097,1107,1127,1230;2;GLO+GAL+SBS+BDS+GPS;NONE;FRA;48.639;4.421;0;0;NTRIPRTKBaseUblox_ZED-F9P2.4.01.13;none;N;N;15200;CentipedeRTK
;STR;MENH;Cleder;RTCM3;1004,1005,1006,1008,1012,1019,1020,1033,1042,1077,1087,1097,1107,1127,1230;2;GLO+GAL+SBS+BDS+GPS;NONE;FRA;48.647;-4.090;0;0;NTRIPRTKBaseUblox_ZED-F9P2.3.1;none;N;N;15200;CentipedeRTK
;STR;MET;Argentan;RTCM3;1004,1005,1006,1008,1012,1019,1020,1033,1042,1046,1077,1087,1097,1107,1127,1230;2;GLO+GAL+SBS+BDS+GPS;NONE;FRA;48.726;-0.016;0;0;NTRIPRTKBaseU-blox_ZED-F9P2.4.11.13;none;N;N;15200;CentipedeRTK
;STR;MICH;Saint-Michel-lObservatoire;RTCM3;1006,1008,1019,1020,1033,1077,1087,1230;2;GLO+GPS;NONE;FRA;43.924;5.717;0;0;NTRIPTRIMBLENETR95.37,21/SEP/2;none;N;N;15200;CentipedeRTK
;STR;MIL70;Champlitte;RTCM3;1004,1005,1006,1008,1012,1019,1020,1033,1042,1046,1077,1087,1097,1107,1127,1230;2;GLO+GAL+SBS+BDS+GPS;NONE;FRA;47.678;5.566;0;0;NTRIPRTKBaseUblox_ZED-F9P2.4.21.13;none;N;N;15200;CentipedeRTK
;STR;MLLC;ENG;RTCM3;1004,1005,1006,1008,1012,1019,1020,1033,1042,1046,1077,1087,1097,1107,1127,1230;2;GLO+GAL+SBS+BDS+GPS;NONE;ENG;57.711;-4.258;0;0;NTRIPRTKBaseU-blox_ZED-F9P2.4.21.13;none;N;N;15200;CentipedeRTK
;STR;MONCO;Montlucon;RTCM3;1004,1006,1008,1012,1019,1020,1033,1077,1087,1230;2;GLO+GPS;NONE;FRA;46.344;2.606;0;0;NTRIPProFlex800S850Kn27;none;N;N;15200;CentipedeRTK
;STR;MONTS;Poilhes;RTCM3;1004,1005,1006,1008,1012,1019,1020,1033,1042,1077,1087,1097,1107,1127,1230;2;GLO+GAL+SBS+BDS+GPS;NONE;FRA;43.300;3.099;0;0;NTRIPRTKBaseUblox_ZED-F9P2.3.4;none;N;N;15200;CentipedeRTK
;STR;MORA;Val-des-Marais;RTCM3;1004,1005,1006,1008,1012,1019,1020,1033,1042,1046,1077,1087,1097,1107,1127,1230;2;GLO+GAL+SBS+BDS+GPS;NONE;FRA;48.814;3.995;0;0;NTRIPRTKBaseU-blox_ZED-F9P2.4.11.32;none;N;N;15200;CentipedeRTK
;STR;MOTE1;Merignac;RTCM3;1004,1005,1006,1012,1019,1020,1042,1046,1077,1087,1097,1107,1127,1230;2;GLO+GAL+SBS+BDS+GPS;NONE;FRA;44.842;-0.721;0;0;NTRIP;none;N;N;15200;CentipedeRTK
;STR;MRTN;HUN;RTCM3;1004,1005,1006,1008,1012,1019,1020,1033,1042,1046,1077,1087,1097,1107,1127,1230;2;GLO+GAL+SBS+BDS+GPS;NONE;HUN;46.023;26.089;0;0;NTRIPRTKBaseU-blox_ZED-F9P2.4.11.13;none;N;N;15200;CentipedeRTK
;STR;MSE1;Louargat;RTCM3;1004,1005,1006,1008,1012,1019,1020,1033,1042,1046,1077,1087,1097,1107,1127,1230;2;GLO+GAL+SBS+BDS+GPS;NONE;FRA;48.555;-3.365;0;0;NTRIPRTKBaseU-blox_ZED-F9P2.4.11.32;none;N;N;15200;CentipedeRTK
;STR;MTP2;Montpellier;RTCM3;1006,1008,1019,1020,1033,1077,1087,1230;2;GLO+GPS;NONE;FRA;43.639;3.864;0;0;NTRIPTRIMBLENETR95.37,21/SEP/2;none;N;N;15200;CentipedeRTK
;STR;MTZ51;Savigny-sur-Ardres;RTCM3;1004,1005,1006,1008,1012,1019,1020,1033,1042,1046,1077,1087,1097,1107,1127,1230;2;GLO+GAL+SBS+BDS+GPS;NONE;FRA;49.261;3.797;0;0;NTRIPRTKBaseU-blox_ZED-F9P2.4.11.32;none;N;N;15200;CentipedeRTK
;STR;NA01;Escalquens;RTCM3;1004,1005,1006,1008,1012,1019,1020,1033,1077,1087,1097,1107,1127,1230;2;GLO+GAL+SBS+BDS+GPS;NONE;FRA;43.520;1.536;0;0;NTRIPSEPTSSRC53.6.3;none;N;N;15200;CentipedeRTK
;STR;NATI;Breuilpont;RTCM3;1004,1005,1006,1008,1012,1019,1020,1033,1042,1077,1087,1097,1107,1127,1230;2;GLO+GAL+SBS+BDS+GPS;NONE;FRA;48.961;1.433;0;0;NTRIPRTKBaseUblox_ZED-F9P2.3.1;none;N;N;15200;CentipedeRTK
;STR;NCY;Epagny-Metz-Tessy;RTCM3;1004,1005,1006,1008,1012,1019,1020,1033,1042,1046,1077,1087,1097,1107,1127,1230;2;GLO+GAL+SBS+BDS+GPS;NONE;FRA;45.946;6.104;0;0;NTRIPRTKBaseUblox_ZED-F9P2.3.4;none;N;N;15200;CentipedeRTK
;STR;NICE;Nice;RTCM3;1006,1008,1019,1020,1033,1042,1045,1046,1077,1087,1097,1127,1230;2;GLO+GAL+BDS+GPS;NONE;FRA;43.725;7.300;0;0;NTRIPTRIMBLENETR95.56,30/SEP/2;none;N;N;15200;CentipedeRTK
;STR;NLDA;NLD;RTCM3;1004,1005,1008,1012,1033,1074,1077,1084,1087,1094,1114,1124,1230;2;GLO+GAL+QZS+BDS+GPS;NONE;NLD;51.965;6.596;0;0;NTRIPRTKBaseU-blox_ZED-F9P2.4.21.32;none;N;N;15200;CentipedeRTK
;STR;NODE;NOR;RTCM3;1004,1005,1006,1008,1012,1019,1020,1033,1042,1046,1077,1087,1097,1107,1127,1230;2;GLO+GAL+SBS+BDS+GPS;NONE;NOR;59.366;11.413;0;0;NTRIPRTKBaseU-blox_ZED-F9P2.4.21.32;none;N;N;15200;CentipedeRTK
;STR;NORT;Nort-sur-Erdre;RTCM3;1004,1005,1006,1008,1012,1019,1020,1033,1042,1046,1077,1087,1097,1107,1127,1230;2;GLO+GAL+SBS+BDS+GPS;NONE;FRA;47.412;-1.517;0;0;NTRIPRTKBaseU-blox_ZED-F9P2.4.11.32;none;N;N;15200;CentipedeRTK
;STR;NOVP;Novion-Porcien;RTCM3;1004,1005,1006,1074,1077,1084,1087,1094,1097,1124,1230;2;GLO+GAL+BDS+GPS;NONE;FRA;49.601;4.427;0;0;NTRIP;none;N;N;15200;CentipedeRTK
;STR;OFFNE;Stutzheim-Offenheim;RTCM3;1004,1005,1006,1008,1012,1019,1020,1033,1042,1046,1077,1087,1097,1107,1127,1230;2;GLO+GAL+SBS+BDS+GPS;NONE;FRA;48.631;7.617;0;0;NTRIPRTKBaseUblox_ZED-F9P2.4.11.32;none;N;N;15200;CentipedeRTK
;STR;OLIMI;Montreuil-sur-Blaise;RTCM3;1004,1005,1006,1008,1012,1019,1020,1033,1042,1046,1077,1087,1097,1107,1127,1230;2;GLO+GAL+SBS+BDS+GPS;NONE;FRA;48.478;4.963;0;0;NTRIPRTKBaseUblox_ZED-F9P2.3.1;none;N;N;15200;CentipedeRTK
;STR;OP45;Orleans;RTCM3;1004,1005,1006,1008,1012,1019,1020,1033,1042,1046,1077,1087,1097,1107,1127,1230;2;GLO+GAL+SBS+BDS+GPS;NONE;FRA;47.910;1.908;0;0;NTRIPRTKBaseU-blox_ZED-F9P2.4.11.32;none;N;N;15200;CentipedeRTK
;STR;OSZA;SER;RTCM3;1004,1005,1006,1008,1012,1019,1020,1033,1077,1087,1097,1107,1127,1230;2;GLO+GAL+SBS+BDS+GPS;NONE;SER;45.939;19.913;0;0;NTRIPRTKBaseU-blox_ZED-F9P2.4.11.13;none;N;N;15200;CentipedeRTK
;STR;PA17;LaVergne;RTCM3;1004,1005,1006,1008,1012,1019,1020,1033,1042,1046,1077,1087,1097,1107,1127,1230;2;GLO+GAL+SBS+BDS+GPS;NONE;FRA;45.959;-0.562;0;0;NTRIPRTKBaseU-blox_ZED-F9P2.4.21.32;none;N;N;15200;CentipedeRTK
;STR;PAFE;Foix;RTCM3;1004,1005,1006,1008,1012,1019,1020,1033,1042,1046,1077,1087,1097,1107,1127,1230;2;GLO+GAL+SBS+BDS+GPS;NONE;FRA;42.959;1.611;0;0;NTRIPRTKBaseunknown2.4.1;none;N;N;15200;CentipedeRTK
;STR;PALI;Arles;RTCM3;1006,1008,1019,1020,1033,1077,1087,1097,1230;2;GLO+GAL+GPS;NONE;FRA;43.376;4.810;0;0;NTRIPTRIMBLENETR95.37,21/SEP/2;none;N;N;15200;CentipedeRTK
;STR;PARD;Pardailhan;RTCM3;1006,1008,1019,1020,1033,1077,1087,1097,1230;2;GLO+GAL+GPS;NONE;FRA;43.431;2.823;0;0;NTRIPTRIMBLENETR95.37,21/SEP/2;none;N;N;15200;CentipedeRTK
;STR;PARIG;Agonges;RTCM3;1004,1005,1006,1008,1012,1019,1020,1033,1042,1046,1077,1087,1097,1107,1127,1230;2;GLO+GAL+SBS+BDS+GPS;NONE;FRA;46.641;3.159;0;0;NTRIPRTKBaseUblox_ZED-F9P2.3.4;none;N;N;15200;CentipedeRTK
;STR;PAS64;Bellocq;RTCM3;1004,1005,1006,1008,1012,1019,1020,1033,1042,1046,1077,1087,1097,1107,1127,1230;2;GLO+GAL+SBS+BDS+GPS;NONE;FRA;43.517;-0.930;0;0;NTRIPRTKBaseUblox_ZED-F9P2.3.1;none;N;N;15200;CentipedeRTK
;STR;PAYS;Pissy-Poville;RTCM3;1004,1005,1006,1008,1012,1019,1020,1033,1042,1046,1077,1087,1097,1107,1127,1230;2;GLO+GAL+SBS+BDS+GPS;NONE;FRA;49.526;1.020;0;0;NTRIPRTKBaseUblox_ZED-F9P2.3.4;none;N;N;15200;CentipedeRTK
;STR;PHAC;Clermont-Ferrand;RTCM3;1004,1005,1006,1008,1012,1019,1020,1033,1042,1046,1077,1087,1097,1107,1127,1230;2;GLO+GAL+SBS+BDS+GPS;NONE;FRA;45.775;3.146;0;0;NTRIPRTKBaseU-blox_ZED-F9P2.4.11.32;none;N;N;15200;CentipedeRTK
;STR;PIERRO;Cestas;RTCM3;1004,1005,1006,1008,1012,1019,1020,1033,1042,1046,1077,1087,1097,1107,1127,1230;2;GLO+GAL+SBS+BDS+GPS;NONE;FRA;44.737;-0.774;0;0;NTRIPRTKBaseUblox_ZED-F9P2.3.1;none;N;N;15200;CentipedeRTK
;STR;PJ51;Thillois;RTCM3;1004,1005,1006,1008,1012,1019,1020,1033,1042,1077,1087,1097,1107,1127,1230;2;GLO+GAL+SBS+BDS+GPS;NONE;FRA;49.257;3.953;0;0;NTRIPRTKBaseUblox_ZED-F9P2.3.4;none;N;N;15200;CentipedeRTK
;STR;PLQ1;Chouilly;RTCM3;1004,1005,1006,1008,1012,1019,1020,1033,1042,1046,1077,1087,1097,1107,1127,1230;2;GLO+GAL+SBS+BDS+GPS;NONE;FRA;49.019;3.982;0;0;NTRIPRTKBaseU-blox_ZED-F9P2.4.11.32;none;N;N;15200;CentipedeRTK
;STR;PNPAI;CHZ;RTCM3;1004,1005,1006,1008,1012,1019,1020,1033,1042,1046,1077,1087,1097,1107,1127,1230;2;GLO+GAL+SBS+BDS+GPS;NONE;CHZ;46.695;6.669;0;0;NTRIPRTKBaseUblox_ZED-F9P2.3.1;none;N;N;15200;CentipedeRTK
;STR;POL25;Naisey-les-Granges;RTCM3;1004,1005,1006,1008,1012,1019,1020,1033,1042,1077,1087,1097,1107,1127,1230;2;GLO+GAL+SBS+BDS+GPS;NONE;FRA;47.213;6.241;0;0;NTRIPRTKBaseUblox_ZED-F9P2.3.4;none;N;N;15200;CentipedeRTK
;STR;PRDR;Loches;RTCM3;1004,1005,1006,1008,1012,1019,1020,1033,1042,1046,1077,1087,1097,1107,1127,1230;2;GLO+GAL+SBS+BDS+GPS;NONE;FRA;47.106;0.974;0;0;NTRIPRTKBaseUblox_ZED-F9P2.3.4;none;N;N;15200;CentipedeRTK
;STR;PRISM;Saint-Rieul;RTCM3;1004,1005,1006,1008,1012,1019,1020,1033,1042,1077,1087,1097,1107,1127,1230;2;GLO+GAL+SBS+BDS+GPS;NONE;FRA;48.443;-2.415;0;0;NTRIPRTKBaseUblox_ZED-F9P2.3.4;none;N;N;15200;CentipedeRTK
;STR;PUNK;Clairfontaine;RTCM3;1004,1005,1006,1008,1012,1019,1020,1033,1042,1046,1077,1087,1097,1107,1127,1230;2;GLO+GAL+SBS+BDS+GPS;NONE;FRA;49.958;3.972;0;0;NTRIPRTKBaseU-blox_ZED-F9P2.4.21.32;none;N;N;15200;CentipedeRTK
;STR;QE27;Houville-en-Vexin;RTCM3;1004,1005,1006,1008,1012,1019,1020,1033,1042,1046,1077,1087,1097,1107,1127,1230;2;GLO+GAL+SBS+BDS+GPS;NONE;FRA;49.307;1.373;0;0;NTRIPRTKBaseU-blox_ZED-F9P2.4.11.32;none;N;N;15200;CentipedeRTK
;STR;RAB01;Rabastens;RTCM3;1004,1005,1006,1008,1012,1019,1020,1033,1042,1046,1077,1087,1097,1107,1127,1230;2;GLO+GAL+SBS+BDS+GPS;NONE;FRA;43.824;1.722;0;0;NTRIPRTKBaseUblox_C099-F9P2.3.1;none;N;N;15200;CentipedeRTK
;STR;RAFTK;Ladon;RTCM3;1004,1005,1006,1008,1012,1019,1020,1033,1042,1046,1077,1087,1097,1107,1127,1230;2;GLO+GAL+SBS+BDS+GPS;NONE;FRA;48.010;2.546;0;0;NTRIPRTKBaseUblox_ZED-F9P2.3.0;none;N;N;15200;CentipedeRTK
;STR;RAV35;Pipriac;RTCM3;1004,1005,1006,1008,1012,1019,1020,1033,1042,1046,1077,1087,1097,1107,1127,1230;2;GLO+GAL+SBS+BDS+GPS;NONE;FRA;47.783;-1.975;0;0;NTRIPRTKBaseUblox_ZED-F9P2.3.1;none;N;N;15200;CentipedeRTK
;STR;RB42;Sury-le-Comtal;RTCM3;1004,1005,1006,1008,1012,1019,1020,1033,1042,1077,1087,1097,1107,1127,1230;2;GLO+GAL+SBS+BDS+GPS;NONE;FRA;45.547;4.162;0;0;NTRIPRTKBaseUblox_ZED-F9P2.3.4;none;N;N;15200;CentipedeRTK
;STR;RC01;NLD;RTCM3;1004,1005,1008,1012,1033,1074,1084,1094,1114,1124,1230;2;GLO+GAL+QZS+BDS+GPS;NONE;NLD;51.650;4.614;0;0;NTRIPRTKBaseU-blox_ZED-F9P2.4.11.13;none;N;N;15200;CentipedeRTK
;STR;RDHB7;Saint-Romain-sur-Cher;RTCM3;1004,1005,1006,1008,1012,1019,1020,1033,1042,1046,1077,1087,1097,1107,1127,1230;2;GLO+GAL+SBS+BDS+GPS;NONE;FRA;47.334;1.422;0;0;NTRIPRTKBaseUblox_ZED-F9P2.3.4;none;N;N;15200;CentipedeRTK
;STR;RICE;Creteil;RTCM3;1004,1005,1006,1008,1012,1019,1020,1033,1042,1046,1077,1087,1097,1107,1127,1230;2;GLO+GAL+SBS+BDS+GPS;NONE;FRA;48.782;2.430;0;0;NTRIPRTKBaseU-blox_ZED-F9P2.4.11.32;none;N;N;15200;CentipedeRTK
;STR;RITZ;Jebsheim;RTCM3;1004,1005,1006,1008,1012,1019,1020,1033,1042,1046,1077,1087,1097,1107,1127,1230;2;GLO+GAL+SBS+BDS+GPS;NONE;FRA;48.128;7.477;0;0;NTRIPRTKBaseU-blox_ZED-F9P2.4.21.32;none;N;N;15200;CentipedeRTK
;STR;ROCL1;ROM;RTCM3;1004,1005,1006,1008,1012,1019,1020,1033,1042,1046,1077,1087,1097,1107,1127,1230;2;GLO+GAL+SBS+BDS+GPS;NONE;ROM;44.505;26.661;0;0;NTRIPRTKBaseU-blox_ZED-F9P2.4.11.32;none;N;N;15200;CentipedeRTK
;STR;ROMGR45;Nevoy;RTCM3;1004,1005,1006,1008,1012,1019,1020,1033,1042,1046,1077,1087,1097,1107,1127,1230;2;GLO+GAL+SBS+BDS+GPS;NONE;FRA;47.708;2.590;0;0;NTRIPRTKBaseUblox_ZED-F9P2.3.1;none;N;N;15200;CentipedeRTK
;STR;ROMS2;ROU;RTCM3;1004,1005,1006,1008,1012,1019,1020,1033,1042,1046,1077,1087,1097,1107,1127,1230;2;GLO+GAL+SBS+BDS+GPS;NONE;ROU;46.479;24.412;0;0;NTRIPRTKBaseU-blox_ZED-F9P2.4.11.32;none;N;N;15200;CentipedeRTK
;STR;ROSD;Beaufort;RTCM3;1006,1008,1019,1020,1033,1077,1087,1097,1230;2;GLO+GAL+GPS;NONE;FRA;45.691;6.628;0;0;NTRIPTRIMBLENETR95.45,06/MAR/2;none;N;N;15200;CentipedeRTK
;STR;RPJMN;Croissy-sur-Celle;RTCM3;1004,1005,1006,1008,1012,1019,1020,1033,1042,1046,1077,1087,1097,1107,1127,1230;2;GLO+GAL+SBS+BDS+GPS;NONE;FRA;49.685;2.137;0;0;NTRIPRTKBaseUblox_ZED-F9P2.4.21.12;none;N;N;15200;CentipedeRTK
;STR;RSW27;Burey;RTCM3;1004,1005,1006,1008,1012,1019,1020,1033,1042,1046,1077,1087,1097,1107,1127,1230;2;GLO+GAL+SBS+BDS+GPS;NONE;FRA;48.990;0.935;0;0;NTRIPRTKBaseUblox_ZED-F9P2.3.4;none;N;N;15200;CentipedeRTK
;STR;RTK23;Roches;RTCM3;1004,1005,1006,1008,1012,1019,1020,1033,1042,1046,1077,1087,1097,1107,1127,1230;2;GLO+GAL+SBS+BDS+GPS;NONE;FRA;46.299;1.995;0;0;NTRIPRTKBaseUblox_ZED-F9P2.4.11.32;none;N;N;15200;CentipedeRTK
;STR;RUF01;ITA;RTCM3;1004,1005,1006,1008,1012,1019,1020,1033,1042,1046,1077,1087,1097,1107,1127,1230;2;GLO+GAL+SBS+BDS+GPS;NONE;ITA;43.695;11.326;0;0;NTRIPRTKBaseUblox_ZED-F9P2.2.0;none;N;N;15200;CentipedeRTK
;STR;SAINN;Sainneville;RTCM3;1004,1005,1006,1008,1012,1019,1020,1033,1042,1077,1087,1097,1107,1127,1230;2;GLO+GAL+SBS+BDS+GPS;NONE;FRA;49.553;0.298;0;0;NTRIPRTKBaseUblox_ZED-F9P2.3.4;none;N;N;15200;CentipedeRTK
;STR;SAM1;Meauzac;RTCM3;1004,1005,1006,1008,1012,1019,1020,1033,1042,1046,1077,1087,1097,1107,1127,1230;2;GLO+GAL+SBS+BDS+GPS;NONE;FRA;44.102;1.243;0;0;NTRIPRTKBaseUblox_ZED-F9P2.2.0;none;N;N;15200;CentipedeRTK
;STR;SAUDU;Turny;RTCM3;1004,1005,1006,1008,1012,1019,1020,1033,1042,1046,1077,1087,1097,1107,1127,1230;2;GLO+GAL+SBS+BDS+GPS;NONE;FRA;48.074;3.738;0;0;NTRIPRTKBaseUblox_ZED-F9P2.3.4;none;N;N;15200;CentipedeRTK
;STR;SBEC;Chef-Boutonne;RTCM3;1004,1005,1006,1008,1012,1019,1020,1033,1042,1046,1077,1087,1097,1107,1127,1230;2;GLO+GAL+SBS+BDS+GPS;NONE;FRA;46.080;-0.132;0;0;NTRIPRTKBaseU-blox_ZED-F9P2.4.11.32;none;N;N;15200;CentipedeRTK
;STR;SBOIS;Vieux-Berquin;RTCM3;1004,1005,1006,1008,1012,1019,1020,1033,1042,1046,1077,1087,1097,1107,1127,1230;2;GLO+GAL+SBS+BDS+GPS;NONE;FRA;50.711;2.589;0;0;NTRIPRTKBaseUblox_ZED-F9P2.4.11.13;none;N;N;15200;CentipedeRTK
;STR;SCV1;LaSalle-les-Alpes;RTCM3;1004,1005,1006,1008,1012,1019,1020,1033,1042,1046,1077,1087,1097,1107,1127,1230;2;GLO+GAL+SBS+BDS+GPS;NONE;FRA;44.920;6.550;0;0;NTRIPRTKBaseU-blox_ZED-F9P2.4.11.32;none;N;N;15200;CentipedeRTK
;STR;SDMG;Fontaine-Notre-Dame;RTCM3;1004,1005,1006,1008,1012,1019,1020,1033,1042,1046,1077,1087,1097,1107,1127,1230;2;GLO+GAL+SBS+BDS+GPS;NONE;FRA;49.887;3.436;0;0;NTRIPRTKBaseUblox_ZED-F9P2.3.4;none;N;N;15200;CentipedeRTK
;STR;SEDB;Saint-Etienne-du-Bois;RTCM3;1004,1005,1006,1008,1012,1019,1020,1033,1042,1046,1077,1087,1097,1107,1127,1230;2;GLO+GAL+SBS+BDS+GPS;NONE;FRA;46.274;5.249;0;0;NTRIPRTKBaseU-blox_ZED-F9P2.4.11.32;none;N;N;15200;CentipedeRTK
;STR;SEMO;Yzeures-sur-Creuse;RTCM3;1004,1005,1006,1008,1012,1019,1020,1033,1042,1046,1077,1087,1097,1107,1127,1230;2;GLO+GAL+SBS+BDS+GPS;NONE;FRA;46.779;0.846;0;0;NTRIPRTKBaseU-blox_ZED-F9P2.4.11.32;none;N;N;15200;CentipedeRTK
;STR;SETE;Sete;RTCM3;1006,1008,1019,1020,1033,1077,1087,1097,1230;2;GLO+GAL+GPS;NONE;FRA;43.398;3.699;0;0;NTRIPTRIMBLENETR95.37,21/SEP/2;none;N;N;15200;CentipedeRTK
;STR;SGC;Quiers;RTCM3;1004,1005,1006,1008,1012,1019,1020,1033,1042,1046,1077,1087,1097,1107,1127,1230;2;GLO+GAL+SBS+BDS+GPS;NONE;FRA;48.625;2.969;0;0;NTRIPRTKBaseUblox_ZED-F9P2.4.21.13;none;N;N;15200;CentipedeRTK
;STR;SIGEO;Aix-en-Provence;RTCM3;1004,1005,1006,1008,1012,1019,1020,1033,1042,1046,1077,1087,1097,1107,1127,1230;2;GLO+GAL+SBS+BDS+GPS;NONE;FRA;43.493;5.334;0;0;NTRIPRTKBaseU-blox_ZED-F9P2.4.21.13;none;N;N;15200;CentipedeRTK
;STR;SKY1;Blain;RTCM3;1004,1005,1006,1008,1012,1019,1020,1033,1042,1046,1077,1087,1097,1107,1127,1230;2;GLO+GAL+SBS+BDS+GPS;NONE;FRA;47.432;-1.721;0;0;NTRIPRTKBaseU-blox_ZED-F9P2.4.21.32;none;N;N;15200;CentipedeRTK
;STR;SLINS;FRA;RTCM3;1004,1005,1006,1008,1012,1019,1020,1033,1042,1046,1077,1087,1097,1107,1127,1230;2;GLO+GAL+SBS+BDS+GPS;NONE;FRA;50.728;5.570;0;0;NTRIPRTKBaseDrotek-F9P2.2.0;none;N;N;15200;CentipedeRTK
;STR;SLP;Saint-Laurent-de-la-Pree;RTCM3;1004,1005,1006,1008,1012,1019,1020,1033,1042,1046,1077,1087,1097,1107,1127,1230;2;GLO+GAL+SBS+BDS+GPS;NONE;FRA;45.992;-1.028;0;0;NTRIPRTKBaseUblox_ZED-F9P2.4.11.13;none;N;N;15200;CentipedeRTK
;STR;SMOD;HUN;RTCM3;1004,1005,1006,1008,1012,1019,1020,1033,1042,1046,1077,1087,1097,1107,1127,1230;2;GLO+GAL+SBS+BDS+GPS;NONE;HUN;46.862;16.803;0;0;NTRIPRTKBaseU-blox_ZED-F9P2.4.11.13;none;N;N;15200;CentipedeRTK
;STR;SN22;Coetmieux;RTCM3;1004,1005,1006,1008,1012,1019,1020,1033,1042,1046,1077,1087,1097,1107,1127,1230;2;GLO+GAL+SBS+BDS+GPS;NONE;FRA;48.496;-2.609;0;0;NTRIPRTKBaseU-blox_ZED-F9P2.4.11.32;none;N;N;15200;CentipedeRTK
;STR;SOLA;HUN;RTCM3;1004,1005,1006,1008,1012,1019,1020,1033,1042,1046,1077,1087,1097,1107,1127,1230;2;GLO+GAL+SBS+BDS+GPS;NONE;HUN;47.461;21.425;0;0;NTRIPRTKBaseU-blox_ZED-F9P2.4.11.32;none;N;N;15200;CentipedeRTK
;STR;SOSS;Sossay;RTCM3;1004,1005,1006,1008,1012,1019,1020,1033,1042,1046,1077,1087,1097,1107,1127,1230;2;GLO+GAL+SBS+BDS+GPS;NONE;FRA;46.874;0.400;0;0;NTRIPRTKBaseUblox_ZED-F9P2.4.21.12;none;N;N;15200;CentipedeRTK
;STR;SPB28;LeGault-Saint-Denis;RTCM3;1004,1005,1006,1008,1012,1019,1020,1033,1042,1046,1077,1087,1097,1107,1127,1230;2;GLO+GAL+SBS+BDS+GPS;NONE;FRA;48.258;1.453;0;0;NTRIPRTKBaseUblox_ZED-F9P2.4.11.12;none;N;N;15200;CentipedeRTK
;STR;SSB;Saint-Simeon-de-Bressieux;RTCM3;1004,1005,1006,1008,1012,1019,1020,1033,1042,1046,1077,1087,1097,1107,1127,1230;2;GLO+GAL+SBS+BDS+GPS;NONE;FRA;45.314;5.258;0;0;NTRIPRTKBaseUblox_ZED-F9P2.3.0;none;N;N;15200;CentipedeRTK
;STR;STCRE;Osches;RTCM3;1004,1005,1006,1008,1012,1019,1020,1033,1042,1046,1077,1087,1097,1107,1127,1230;2;GLO+GAL+SBS+BDS+GPS;NONE;FRA;49.045;5.247;0;0;NTRIPRTKBaseUblox_ZED-F9P2.4.0;none;N;N;15200;CentipedeRTK
;STR;STJEA;Varangeville;RTCM3;1004,1005,1006,1008,1012,1019,1020,1033,1042,1046,1077,1087,1097,1107,1127,1230;2;GLO+GAL+SBS+BDS+GPS;NONE;FRA;48.644;6.323;0;0;NTRIPRTKBaseUblox_ZED-F9P2.4.11.13;none;N;N;15200;CentipedeRTK
;STR;STMR;Saintes-Maries-de-la-Mer;RTCM3;1006,1008,1019,1020,1033,1077,1087,1097,1230;2;GLO+GAL+GPS;NONE;FRA;43.449;4.422;0;0;NTRIPTRIMBLENETR95.37,21/SEP/2;none;N;N;15200;CentipedeRTK
;STR;STPOL;Saint-Pol-sur-Ternoise;RTCM3;1004,1005,1006,1008,1012,1019,1020,1033,1042,1046,1077,1087,1097,1107,1127,1230;2;GLO+GAL+SBS+BDS+GPS;NONE;FRA;50.380;2.338;0;0;NTRIPRTKBaseUblox_ZED-F9P2.4.01.13;none;N;N;15200;CentipedeRTK
;STR;SYSD;LaBelliole;RTCM3;1004,1005,1006,1008,1012,1019,1020,1033,1042,1046,1077,1087,1097,1107,1127,1230;2;GLO+GAL+SBS+BDS+GPS;NONE;FRA;48.153;3.097;0;0;NTRIPRTKBaseU-blox_ZED-F9P2.4.11.32;none;N;N;15200;CentipedeRTK
;STR;SZLA;HUN;RTCM3;1004,1005,1006,1008,1012,1019,1020,1033,1042,1046,1077,1087,1097,1107,1127,1230;2;GLO+GAL+SBS+BDS+GPS;NONE;HUN;46.922;19.916;0;0;NTRIPRTKBaseU-blox_ZED-F9P2.4.11.32;none;N;N;15200;CentipedeRTK
;STR;TALB;FRA;RTCM3;1004,1005,1006,1008,1012,1019,1020,1033,1042,1046,1077,1087,1097,1107,1127,1230;2;GLO+GAL+SBS+BDS+GPS;NONE;FRA;48.866;-3.102;0;0;NTRIPRTKBaseUblox_ZED-F9P2.4.11.13;none;N;N;15200;CentipedeRTK
;STR;TD04;Mison;RTCM3;1004,1005,1006,1008,1012,1019,1020,1033,1042,1046,1077,1087,1097,1107,1127,1230;2;GLO+GAL+SBS+BDS+GPS;NONE;FRA;44.249;5.862;0;0;NTRIPRTKBaseUblox_ZED-F9P2.4.11.13;none;N;N;15200;CentipedeRTK
;STR;THAIS;Neons-sur-Creuse;RTCM3;1004,1005,1006,1008,1012,1019,1020,1033,1042,1046,1077,1087,1097,1107,1127,1230;2;GLO+GAL+SBS+BDS+GPS;NONE;FRA;46.757;0.911;0;0;NTRIPRTKBaseUblox_ZED-F9P2.4.01.32;none;N;N;15200;CentipedeRTK
;STR;THUM;Thumereville;RTCM3;1004,1005,1006,1008,1012,1019,1020,1033,1042,1077,1087,1097,1107,1127,1230;2;GLO+GAL+SBS+BDS+GPS;NONE;FRA;49.201;5.799;0;0;NTRIPRTKBaseUblox_ZED-F9P2.3.4;none;N;N;15200;CentipedeRTK
;STR;TITI;Squiffiec;RTCM3;1004,1005,1006,1008,1012,1019,1020,1033,1042,1046,1077,1087,1097,1107,1127,1230;2;GLO+GAL+SBS+BDS+GPS;NONE;FRA;48.627;-3.164;0;0;NTRIPRTKBaseU-blox_ZED-F9P2.4.11.32;none;N;N;15200;CentipedeRTK
;STR;TOMB1;FRA;RTCM3;;2;;;FRA;0.00;0.00;0;0;;;N;N;15200;CentipedeRTK
;STR;TOPH;Nanton;RTCM3;1004,1005,1006,1008,1012,1019,1020,1033,1042,1077,1087,1097,1107,1127,1230;2;GLO+GAL+SBS+BDS+GPS;NONE;FRA;46.612;4.814;0;0;NTRIPRTKBaseUblox_ZED-F9P2.3.4;none;N;N;15200;CentipedeRTK
;STR;TORS;HUN;RTCM3;1004,1005,1006,1008,1012,1019,1020,1033,1042,1046,1077,1087,1097,1107,1127,1230;2;GLO+GAL+SBS+BDS+GPS;NONE;HUN;47.584;20.077;0;0;NTRIPRTKBaseU-blox_ZED-F9P2.4.11.32;none;N;N;15200;CentipedeRTK
;STR;TOULN;LaValette-du-Var;RTCM3;1004,1005,1006,1008,1012,1019,1020,1033,1042,1046,1077,1087,1097,1107,1127,1230;2;GLO+GAL+SBS+BDS+GPS;NONE;FRA;43.128;5.987;0;0;NTRIPRTKBaseUblox_ZED-F9P2.3.4;none;N;N;15200;CentipedeRTK
;STR;TRALY;Cales;RTCM3;1004,1005,1006,1008,1012,1019,1020,1033,1042,1046,1077,1087,1097,1107,1127,1230;2;GLO+GAL+SBS+BDS+GPS;NONE;FRA;44.873;0.807;0;0;NTRIPRTKBaseUblox_ZED-F9P2.4.21.13;none;N;N;15200;CentipedeRTK
;STR;TUTU;Carcassonne;RTCM3;1004,1005,1006,1008,1012,1019,1020,1033,1042,1046,1077,1087,1097,1107,1127,1230;2;GLO+GAL+SBS+BDS+GPS;NONE;FRA;43.220;2.269;0;0;NTRIPRTKBaseU-blox_ZED-F9P2.4.11.32;none;N;N;15200;CentipedeRTK
;STR;UCBL;Villeurbanne;RTCM3;1006,1008,1019,1020,1033,1077,1087,1097,1230;2;GLO+GAL+GPS;NONE;FRA;45.781;4.870;0;0;NTRIPTrimbleAlloy5.45,06/MAR/2;none;N;N;15200;CentipedeRTK
;STR;URC90;Urcerey;RTCM3;1004,1005,1006,1008,1012,1019,1020,1033,1042,1046,1077,1087,1097,1107,1127,1230;2;GLO+GAL+SBS+BDS+GPS;NONE;FRA;47.609;6.811;0;0;NTRIPRTKBaseU-blox_ZED-F9P2.4.11.13;none;N;N;15200;CentipedeRTK
;STR;VAGC;Port-sur-Saone;RTCM3;1004,1005,1006,1008,1012,1019,1020,1033,1042,1046,1077,1087,1097,1107,1127,1230;2;GLO+GAL+SBS+BDS+GPS;NONE;FRA;47.689;6.067;0;0;NTRIPRTKBaseUblox_ZED-F9P2.4.01.32;none;N;N;15200;CentipedeRTK
;STR;VALVH;Dargies;RTCM3;1004,1005,1006,1008,1012,1019,1020,1033,1042,1046,1077,1087,1097,1107,1127,1230;2;GLO+GAL+SBS+BDS+GPS;NONE;FRA;49.695;1.955;0;0;NTRIPRTKBaseUblox_ZED-F9P2.4.01.13;none;N;N;15200;CentipedeRTK
;STR;VANDE;Millam;RTCM3;1004,1005,1006,1008,1012,1019,1020,1033,1042,1046,1077,1087,1097,1107,1127,1230;2;GLO+GAL+SBS+BDS+GPS;NONE;FRA;50.853;2.249;0;0;NTRIPRTKBaseU-blox_ZED-F9P2.4.11.32;none;N;N;15200;CentipedeRTK
;STR;VDM51;Vaudemange;RTCM3;1004,1005,1006,1008,1012,1019,1020,1033,1042,1046,1077,1087,1097,1107,1127,1230;2;GLO+GAL+SBS+BDS+GPS;NONE;FRA;49.090;4.225;0;0;NTRIPRTKBaseUblox_ZED-F9P2.3.1;none;N;N;15200;CentipedeRTK
;STR;VIGN;Montchevrel;RTCM3;1004,1005,1006,1008,1012,1019,1020,1033,1042,1046,1077,1087,1097,1107,1127,1230;2;GLO+GAL+SBS+BDS+GPS;NONE;FRA;48.570;0.335;0;0;NTRIPRTKBaseUblox_ZED-F9P2.4.11.13;none;N;N;15200;CentipedeRTK
;STR;VILBO;Villers-Bocage;RTCM3;1004,1005,1006,1008,1012,1019,1020,1033,1042,1046,1077,1087,1097,1107,1127,1230;2;GLO+GAL+SBS+BDS+GPS;NONE;FRA;50.003;2.314;0;0;NTRIPRTKBaseUblox_ZED-F9P2.4.21.13;none;N;N;15200;CentipedeRTK
;STR;VIN65;Soudan;RTCM3;1004,1005,1006,1008,1012,1019,1020,1033,1042,1046,1077,1087,1097,1107,1127,1230;2;GLO+GAL+SBS+BDS+GPS;NONE;FRA;47.744;-1.345;0;0;NTRIPRTKBaseUblox_ZED-F9P2.3.1;none;N;N;15200;CentipedeRTK
;STR;VRELY;Vrely;RTCM3;1004,1005,1006,1008,1012,1019,1020,1033,1042,1046,1077,1087,1097,1107,1127,1230;2;GLO+GAL+SBS+BDS+GPS;NONE;FRA;49.797;2.698;0;0;NTRIPRTKBaseUblox_ZED-F9P2.4.21.13;none;N;N;15200;CentipedeRTK
;STR;WIGNE;Wignehies;RTCM3;1004,1005,1006,1008,1012,1019,1020,1033,1042,1046,1077,1087,1097,1107,1127,1230;2;GLO+GAL+SBS+BDS+GPS;NONE;FRA;49.996;4.020;0;0;NTRIPRTKBaseUblox_ZED-F9P2.3.3;none;N;N;15200;CentipedeRTK
;STR;WITT;Witternheim;RTCM3;1004,1005,1006,1008,1012,1019,1020,1033,1042,1046,1077,1087,1097,1107,1127,1230;2;GLO+GAL+SBS+BDS+GPS;NONE;FRA;48.309;7.613;0;0;NTRIPRTKBaseUblox_ZED-F9P2.3.1;none;N;N;15200;CentipedeRTK
;STR;WLBH;Barr;RTCM3;1006,1008,1019,1020,1033,1077,1087,1097,1230;2;GLO+GAL+GPS;NONE;FRA;48.415;7.351;0;0;NTRIPTRIMBLENETR95.37,21/SEP/2;none;N;N;15200;CentipedeRTK
;STR;YOYO;Turny;RTCM3;1004,1005,1006,1008,1012,1019,1020,1033,1042,1046,1077,1087,1097,1107,1127,1230;2;GLO+GAL+SBS+BDS+GPS;NONE;FRA;48.051;3.748;0;0;NTRIPRTKBaseUblox_ZED-F9P2.2.0;none;N;N;15200;CentipedeRTK
;STR;ZEUO;Saint-Thonan;RTCM3;1004,1005,1006,1008,1012,1019,1020,1033,1042,1046,1077,1087,1097,1107,1127,1230;2;GLO+GAL+SBS+BDS+GPS;NONE;FRA;48.461;-4.307;0;0;NTRIPRTKBaseU-blox_ZED-F9P2.4.11.32;none;N;N;15200;CentipedeRTK
;STR;ZSZ1;ROM;RTCM3;1004,1005,1006,1008,1012,1019,1020,1033,1042,1046,1077,1087,1097,1107,1127,1230;2;GLO+GAL+SBS+BDS+GPS;NONE;ROM;47.145;21.917;0;0;NTRIPRTKBaseU-blox_ZED-F9P2.4.11.13;none;N;N;15200;CentipedeRTK

