str;mp;location;format;messages;freq;gnss;n1;country;lat;lon;n2;n3;ntrips;n4;n5;n6;n7;n8
STR;AL89;Pisy;RTCM3;1004,1005,1006,1008,1012,1019,1020,1033,1042,1046,1077,1087,1097,1107,1127,1230;2;GLO+GAL+SBS+BDS+GPS;NONE;FRA;47.557;4.146;0;0;NTRIPRTKBaseUblox_ZED-F9P2.2.0;none;N;N;15200;CentipedeRTK
STR;ALZ22;Saint-Igeaux;RTCM3;1004,1005,1006,1008,1012,1019,1020,1033,1042,1077,1087,1097,1107,1127,1230;2;GLO+GAL+SBS+BDS+GPS;NONE;FRA;48.273;-3.118;0;0;NTRIPRTKBaseUblox_ZED-F9P2.3.4;none;N;N;15200;CentipedeRTK
STR;AMIEN;Amiens;RTCM3;1004,1005,1006,1007,1008,1012,1019,1020,1033,1042,1077,1087,1097,1107,1127,1230;2;GLO+GAL+SBS+BDS+GPS;NONE;FRA;49.870;2.303;0;0;NTRIPRTKBaseUblox_ZED-F9P2.4.01.13;none;N;N;15200;CentipedeRTK
STR;ANDR;Heudicourt;RTCM3;1004,1005,1006,1008,1012,1019,1020,1033,1042,1077,1087,1097,1107,1127,1230;2;GLO+GAL+SBS+BDS+GPS;NONE;FRA;49.337;1.665;0;0;NTRIPRTKBaseUblox_ZED-F9P2.3.4;none;N;N;15200;CentipedeRTK
STR;ARL72;Chantenay-Villedieu;RTCM3;1004,1005,1006,1008,1012,1019,1020,1033,1042,1046,1077,1087,1097,1107,1127,1230;2;GLO+GAL+SBS+BDS+GPS;NONE;FRA;47.947;-0.111;0;0;NTRIPRTKBaseU-blox_ZED-F9P2.4.11.32;none;N;N;15200;CentipedeRTK
STR;ARRAS;Saint-Laurent-Blangy;RTCM3;1004,1005,1006,1008,1012,1019,1020,1033,1042,1046,1077,1087,1097,1107,1127,1230;2;GLO+GAL+SBS+BDS+GPS;NONE;FRA;50.292;2.790;0;0;NTRIPRTKBaseUblox_ZED-F9P2.4.21.13;none;N;N;15200;CentipedeRTK
STR;ASD21;Dijon;RTCM3;1004,1005,1006,1008,1012,1019,1020,1033,1042,1046,1077,1087,1097,1107,1127,1230;2;GLO+GAL+SBS+BDS+GPS;NONE;FRA;47.311;5.065;0;0;NTRIPRTKBaseUblox_ZED-F9P2.4.21.13;none;N;N;15200;CentipedeRTK
STR;BDN;Maubec;RTCM3;1004,1005,1006,1008,1012,1019,1020,1033,1042,1046,1077,1087,1097,1107,1127,1230;2;GLO+GAL+SBS+BDS+GPS;NONE;FRA;45.557;5.248;0;0;NTRIPRTKBaseUblox_ZED-F9P2.3.4;none;N;N;15200;CentipedeRTK
STR;BESNO;Avon-les-Roches;RTCM3;1004,1005,1006,1012,1019,1020,1042,1045,1046,1077,1087,1097,1127;2;GLO+GAL+BDS+GPS;NONE;FRA;47.150;0.462;0;0;NTRIP;none;N;N;15200;CentipedeRTK
STR;BIGO1;Moyenneville;RTCM3;1004,1005,1006,1008,1012,1019,1020,1033,1042,1077,1087,1097,1107,1127,1230;2;GLO+GAL+SBS+BDS+GPS;NONE;FRA;49.494;2.626;0;0;NTRIPRTKBaseUblox_ZED-F9P2.3.4;none;N;N;15200;CentipedeRTK
STR;BRTAT;Maulicheres;RTCM3;1004,1005,1006,1008,1012,1019,1020,1033,1042,1046,1077,1087,1097,1107,1127,1230;2;GLO+GAL+SBS+BDS+GPS;NONE;FRA;43.687;-0.094;0;0;NTRIPRTKBaseUblox_ZED-F9P2.4.11.13;none;N;N;15200;CentipedeRTK
STR;BSLL;Boissei-la-Lande;RTCM3;1004,1005,1006,1008,1012,1019,1020,1033,1042,1046,1074,1077,1084,1087,1094,1097,1107,1124,1127;2;GLO+GAL+SBS+BDS+GPS;NONE;FRA;48.694;0.066;0;0;NTRIPUblox_ZED-F9P;none;N;N;15200;CentipedeRTK
STR;BXATI;HUN;RTCM3;1004,1005,1006,1008,1012,1019,1020,1033,1042,1046,1077,1087,1097,1107,1127,1230;2;GLO+GAL+SBS+BDS+GPS;NONE;HUN;45.989;18.538;0;0;NTRIPRTKBaseU-blox_ZED-F9P2.4.11.13;none;N;N;15200;CentipedeRTK
STR;CAMBR;Sailly-lez-Cambrai;RTCM3;1005,1006,1008,1033,1230;2;;NONE;FRA;50.194;3.178;0;0;NTRIPRTKBaseUblox_ZED-F9P2.2.0;none;N;N;15200;CentipedeRTK
STR;CAZ0;Puyol-Cazalet;RTCM3;1004,1005,1006,1008,1012,1019,1020,1033,1042,1046,1077,1087,1097,1107,1127,1230;2;GLO+GAL+SBS+BDS+GPS;NONE;FRA;43.607;-0.401;0;0;NTRIPRTKBaseU-blox_ZED-F9P2.4.21.32;none;N;N;15200;CentipedeRTK
STR;CCPI;Lanrivoare;RTCM3;1004,1005,1006,1008,1012,1019,1020,1033,1042,1046,1077,1087,1097,1107,1127,1230;2;GLO+GAL+SBS+BDS+GPS;NONE;FRA;48.470;-4.646;0;0;NTRIPRTKBaseUblox_ZED-F9P2.4.11.13;none;N;N;15200;CentipedeRTK
STR;CDA2;Miermaigne;RTCM3;1004,1005,1006,1008,1012,1019,1020,1033,1042,1077,1087,1097,1107,1127,1230;2;GLO+GAL+SBS+BDS+GPS;NONE;FRA;48.254;0.989;0;0;NTRIPRTKBaseUblox_ZED-F9P2.3.3;none;N;N;15200;CentipedeRTK
STR;CHAU;Chaussoy-Epagny;RTCM3;1004,1005,1006,1007,1008,1012,1019,1020,1033,1042,1077,1087,1097,1107,1127,1230;2;GLO+GAL+SBS+BDS+GPS;NONE;FRA;49.728;2.331;0;0;NTRIPRTKBaseU-blox_ZED-F9P2.4.11.32;none;N;N;15200;CentipedeRTK
STR;CITRU;San-Giuliano;RTCM3;1004,1005,1006,1008,1012,1019,1020,1033,1042,1046,1077,1087,1097,1107,1127,1230;2;GLO+GAL+SBS+BDS+GPS;NONE;FRA;42.286;9.521;0;0;NTRIPRTKBaseUblox_ZED-F9P2.3.0;none;N;N;15200;CentipedeRTK
STR;CLAUD;Claudon;RTCM3;1004,1005,1006,1008,1012,1019,1020,1033,1042,1046,1077,1087,1097,1107,1127,1230;2;GLO+GAL+SBS+BDS+GPS;NONE;FRA;48.032;6.020;0;0;NTRIPRTKBaseUblox_ZED-F9P2.2.0;none;N;N;15200;CentipedeRTK
STR;CN56;Pont-Scorff;RTCM3;1004,1005,1006,1008,1012,1019,1020,1033,1042,1077,1087,1097,1107,1127,1230;2;GLO+GAL+SBS+BDS+GPS;NONE;FRA;47.843;-3.413;0;0;NTRIPRTKBasesimpleRTK2B2.3.4;none;N;N;15200;CentipedeRTK
STR;COND;Oissery;RTCM3;1004,1005,1006,1008,1012,1019,1020,1033,1042,1046,1077,1087,1097,1107,1127,1230;2;GLO+GAL+SBS+BDS+GPS;NONE;FRA;49.065;2.844;0;0;NTRIPRTKBaseU-blox_ZED-F9P2.4.11.32;none;N;N;15200;CentipedeRTK
STR;CQ49;Vernantes;RTCM3;1004,1005,1006,1008,1012,1019,1020,1033,1042,1046,1077,1087,1097,1107,1127,1230;2;GLO+GAL+SBS+BDS+GPS;NONE;FRA;47.406;-0.018;0;0;NTRIPRTKBaseU-blox_ZED-F9P2.4.11.32;none;N;N;15200;CentipedeRTK
STR;CRO2;Crolles;RTCM3;1004,1005,1006,1008,1012,1019,1020,1033,1042,1046,1077,1087,1097,1107,1127,1230;2;GLO+GAL+SBS+BDS+GPS;NONE;FRA;45.272;5.891;0;0;NTRIPRTKBaseUblox_ZED-F9P2.4.01.13;none;N;N;15200;CentipedeRTK
STR;CSOR;HUN;RTCM3;1004,1005,1006,1008,1012,1019,1020,1033,1042,1046,1077,1087,1097,1107,1127,1230;2;GLO+GAL+SBS+BDS+GPS;NONE;HUN;47.206;18.267;0;0;NTRIPRTKBaseU-blox_ZED-F9P2.4.11.32;none;N;N;15200;CentipedeRTK
STR;DBOUT;Saint-Vincent-du-Lorouer;RTCM3;1004,1005,1006,1008,1012,1019,1020,1033,1042,1046,1077,1087,1097,1107,1127,1230;2;GLO+GAL+SBS+BDS+GPS;NONE;FRA;47.833;0.476;0;0;NTRIPRTKBaseUblox_ZED-F9P2.3.1;none;N;N;15200;CentipedeRTK
STR;DESC;Saintes;RTCM3;1004,1005,1006,1008,1012,1019,1020,1033,1042,1046,1077,1087,1097,1107,1127,1230;2;GLO+GAL+SBS+BDS+GPS;NONE;FRA;45.760;-0.650;0;0;NTRIPRTKBaseU-blox_ZED-F9P2.4.11.32;none;N;N;15200;CentipedeRTK
STR;DREUXS;Duras;RTCM3;1004,1005,1006,1008,1012,1019,1020,1033,1042,1046,1077,1087,1097,1107,1127,1230;2;GLO+GAL+SBS+BDS+GPS;NONE;FRA;44.692;0.166;0;0;NTRIPRTKBaseUblox_ZED-F9P2.3.1;none;N;N;15200;CentipedeRTK
STR;DURAS2;Duras;RTCM3;1004,1006,1008,1012,1033;2;GLO+GPS;NONE;FRA;44.677;0.179;0;0;NTRIPNOVOEM729-2.01OM7MR0500RN0000;none;N;N;15200;CentipedeRTK
STR;ECM3;FRA;RTCM3;;2;;;FRA;0.00;0.00;0;0;;;N;N;15200;CentipedeRTK
STR;EJPB;Montigny-le-Chartif;RTCM3;1004,1005,1006,1008,1012,1019,1020,1033,1042,1046,1077,1087,1097,1107,1127,1230;2;GLO+GAL+SBS+BDS+GPS;NONE;FRA;48.280;1.169;0;0;NTRIPRTKBaseU-blox_ZED-F9P2.4.11.32;none;N;N;15200;CentipedeRTK
STR;ELISA;BEL;RTCM3;1004,1005,1006,1008,1012,1019,1020,1033,1042,1077,1087,1097,1107,1127,1230;2;GLO+GAL+SBS+BDS+GPS;NONE;BEL;50.547;4.452;0;0;NTRIPRTKBaseUblox_ZED-F9P2.3.4;none;N;N;15200;CentipedeRTK
STR;EMO4G;FRA;RTCM3;1004,1005,1006,1008,1012,1019,1020,1033,1042,1046,1077,1087,1097,1107,1127,1230;2;GLO+GAL+SBS+BDS+GPS;NONE;FRA;80.000;0.00;0;0;NTRIPRTKBaseU-blox_ZED-F9P2.4.11.32;none;N;N;15200;CentipedeRTK
STR;ENFP;Toulouse;RTCM3;1004,1005,1006,1008,1012,1019,1020,1033,1042,1046,1077,1087,1097,1107,1127,1230;2;GLO+GAL+SBS+BDS+GPS;NONE;FRA;43.596;1.378;0;0;NTRIPRTKBaseU-blox_ZED-F9P2.4.11.32;none;N;N;15200;CentipedeRTK
STR;ENSG2;Champs-sur-Marne;RTCM3;1004,1005,1006,1008,1012,1033,1077,1087,1097,1107,1230;2;GLO+GAL+SBS+GPS;NONE;FRA;48.841;2.587;0;0;NTRIPSPECTRASP90M4.21;none;N;N;15200;CentipedeRTK
STR;ENSIP;Poitiers;RTCM3;1004,1005,1006,1008,1012,1019,1020,1033,1042,1046,1077,1087,1097,1107,1127,1230;2;GLO+GAL+SBS+BDS+GPS;NONE;FRA;46.569;0.383;0;0;NTRIPRTKBaseUblox_ZED-F9P2.3.3;none;N;N;15200;CentipedeRTK
STR;FAB64;Sauveterre-de-Bearn;RTCM3;1004,1005,1006,1008,1012,1019,1020,1033,1042,1046,1077,1087,1097,1107,1127,1230;2;GLO+GAL+SBS+BDS+GPS;NONE;FRA;43.402;-0.949;0;0;NTRIPRTKBaseUblox_ZED-F9P2.3.1;none;N;N;15200;CentipedeRTK
STR;FEUG;Feugeres;RTCM3;1004,1005,1006,1008,1012,1019,1020,1033,1042,1046,1077,1087,1097,1107,1127,1230;2;GLO+GAL+SBS+BDS+GPS;NONE;FRA;49.151;-1.318;0;0;NTRIPRTKBaseU-blox_ZED-F9P2.4.11.32;none;N;N;15200;CentipedeRTK
STR;FLO18;Saint-Laon;RTCM3;1004,1005,1006,1008,1012,1019,1020,1033,1042,1046,1077,1087,1097,1107,1127,1230;2;GLO+GAL+SBS+BDS+GPS;NONE;FRA;46.983;0.00;0;0;NTRIPRTKBaseU-blox_ZED-F9P2.4.21.32;none;N;N;15200;CentipedeRTK
STR;FORCA;Forcalquier;RTCM3;1004,1005,1006,1008,1012,1019,1020,1033,1042,1046,1077,1087,1097,1107,1127,1230;2;GLO+GAL+SBS+BDS+GPS;NONE;FRA;43.960;5.781;0;0;NTRIPRTKBaseUblox_ZED-F9P2.4.11.13;none;N;N;15200;CentipedeRTK
STR;FRTK49;Cernusson;RTCM3;1005,1008,1077,1087,1097,1127,1230;2;GLO+GAL+BDS+GPS;NONE;FRA;47.163;-0.496;0;0;NTRIP;none;N;N;15200;CentipedeRTK
STR;FRTK64;Simacourbe;RTCM3;1004,1005,1006,1008,1012,1019,1020,1033,1042,1046,1077,1087,1097,1107,1127,1230;2;GLO+GAL+SBS+BDS+GPS;NONE;FRA;43.453;-0.167;0;0;NTRIPRTKBaseF9P-FARMTEK2.2.0;none;N;N;15200;CentipedeRTK
STR;GAECH;CHZ;RTCM3;1004,1005,1006,1008,1012,1019,1020,1033,1042,1046,1077,1087,1097,1107,1127,1230;2;GLO+GAL+SBS+BDS+GPS;NONE;CHZ;47.128;7.447;0;0;NTRIPRTKBaseUblox_ZED-F9P2.4.21.30;none;N;N;15200;CentipedeRTK
STR;GARRI;Mayrac;RTCM3;1004,1005,1006,1008,1012,1019,1020,1033,1042,1046,1077,1087,1097,1107,1127,1230;2;GLO+GAL+SBS+BDS+GPS;NONE;FRA;44.896;1.539;0;0;NTRIPRTKBaseunknown2.4.11.13;none;N;N;15200;CentipedeRTK
STR;GERS;Auch;RTCM3;1004,1005,1006,1008,1012,1019,1020,1033,1042,1046,1077,1087,1097,1107,1127,1230;2;GLO+GAL+SBS+BDS+GPS;NONE;FRA;43.647;0.577;0;0;NTRIPRTKBaseUblox_ZED-F9P2.4.11.13;none;N;N;15200;CentipedeRTK
STR;GINA;Saint-Paul-les-Durance;RTCM3;1006,1008,1013,1033,1077,1087,1097,1230;2;GLO+GAL+GPS;NONE;FRA;43.676;5.787;0;0;NTRIPLEICAGR254.30.063;none;N;N;15200;CentipedeRTK
STR;GREZ77;Grez-sur-Loing;RTCM3;1004,1005,1006,1008,1012,1019,1020,1033,1042,1046,1077,1087,1097,1107,1127,1230;2;GLO+GAL+SBS+BDS+GPS;NONE;FRA;48.309;2.684;0;0;NTRIPRTKBaseUblox_ZED-F9P2.4.01.13;none;N;N;15200;CentipedeRTK
STR;GUISS;FRA;RTCM3;1004,1005,1006,1008,1012,1019,1020,1033,1042,1046,1077,1087,1097,1107,1127,1230;2;GLO+GAL+SBS+BDS+GPS;NONE;FRA;48.633;-4.408;0;0;NTRIPRTKBaseU-blox_ZED-F9P2.4.21.11;none;N;N;15200;CentipedeRTK
STR;HSG68;Hausgauen;RTCM3;1004,1005,1006,1008,1012,1019,1020,1033,1042,1046,1077,1087,1097,1107,1127,1230;2;GLO+GAL+SBS+BDS+GPS;NONE;FRA;47.604;7.322;0;0;NTRIPRTKBaseUblox_ZED-F9P2.3.1;none;N;N;15200;CentipedeRTK
STR;HYE1;FRA;RTCM3;1004,1005,1006,1008,1012,1019,1020,1033,1042,1077,1087,1097,1107,1127,1230;2;GLO+GAL+SBS+BDS+GPS;NONE;FRA;43.121;6.125;0;0;NTRIPRTKBaseUblox_ZED-F9P2.3.4;none;N;N;15200;CentipedeRTK
STR;IUEM;Plouzane;RTCM3;1004,1005,1006,1008,1012,1019,1020,1033,1042,1046,1077,1087,1097,1107,1127,1230;2;GLO+GAL+SBS+BDS+GPS;NONE;FRA;48.359;-4.563;0;0;NTRIPRTKBaseUblox_ZED-F9P2.4.11.13;none;N;N;15200;CentipedeRTK
STR;JANC;HUN;RTCM3;1004,1005,1006,1008,1012,1019,1020,1033,1042,1046,1077,1087,1097,1107,1127,1230;2;GLO+GAL+SBS+BDS+GPS;NONE;HUN;47.246;20.541;0;0;NTRIPRTKBaseU-blox_ZED-F9P2.4.11.13;none;N;N;15200;CentipedeRTK
STR;JGUI;Guilleville;RTCM3;1005,1008,1075,1085,1095,1125,1230;2;GLO+GAL+BDS+GPS;NONE;FRA;48.225;1.813;0;0;NTRIP;none;N;N;15200;CentipedeRTK
STR;KAL2;Hasparren;RTCM3;1004,1005,1006,1008,1012,1019,1020,1033,1042,1046,1077,1087,1097,1107,1127,1230;2;GLO+GAL+SBS+BDS+GPS;NONE;FRA;43.396;-1.361;0;0;NTRIPRTKBaseUblox_ZED-F9P2.4.11.32;none;N;N;15200;CentipedeRTK
STR;KAPU;HUN;RTCM3;1004,1005,1006,1008,1012,1019,1020,1033,1042,1046,1077,1087,1097,1107,1127,1230;2;GLO+GAL+SBS+BDS+GPS;NONE;HUN;47.592;17.026;0;0;NTRIPRTKBaseU-blox_ZED-F9P2.4.11.32;none;N;N;15200;CentipedeRTK
STR;KERL;LaRoche-Jaudy;RTCM3;1004,1005,1006,1008,1012,1019,1020,1033,1042,1046,1077,1087,1097,1107,1127,1230;2;GLO+GAL+SBS+BDS+GPS;NONE;FRA;48.731;-3.272;0;0;NTRIPRTKBaseU-blox_ZED-F9P2.4.11.32;none;N;N;15200;CentipedeRTK
STR;KIRR;Hunspach;RTCM3;1004,1005,1006,1008,1012,1019,1020,1033,1042,1046,1077,1087,1097,1107,1127,1230;2;GLO+GAL+SBS+BDS+GPS;NONE;FRA;48.954;7.942;0;0;NTRIPRTKBaseU-blox_ZED-F9P2.4.21.32;none;N;N;15200;CentipedeRTK
STR;KOLE;HUN;RTCM3;1004,1005,1006,1008,1012,1019,1020,1033,1042,1046,1077,1087,1097,1107,1127,1230;2;GLO+GAL+SBS+BDS+GPS;NONE;HUN;48.228;22.076;0;0;NTRIPRTKBaseU-blox_ZED-F9P2.4.11.32;none;N;N;15200;CentipedeRTK
STR;KOT71;POL;RTCM3;1005,1008,1074,1084,1094,1124,1230;2;GLO+GAL+BDS+GPS;NONE;POL;51.155;15.513;0;0;NTRIP;none;N;N;15200;CentipedeRTK
STR;KSDE;HUN;RTCM3;1004,1005,1006,1008,1012,1019,1020,1033,1042,1046,1077,1087,1097,1107,1127,1230;2;GLO+GAL+SBS+BDS+GPS;NONE;HUN;46.915;20.769;0;0;NTRIPRTKBaseU-blox_ZED-F9P2.4.11.32;none;N;N;15200;CentipedeRTK
STR;KUNM;HUN;RTCM3;1004,1005,1006,1008,1012,1019,1020,1033,1042,1046,1077,1087,1097,1107,1127,1230;2;GLO+GAL+SBS+BDS+GPS;NONE;HUN;46.824;20.284;0;0;NTRIPRTKBaseU-blox_ZED-F9P2.4.11.13;none;N;N;15200;CentipedeRTK
STR;LAB1;Troissereux;RTCM3;1004,1005,1006,1008,1012,1019,1020,1033,1046,1077,1087,1097,1107,1127,1230;2;GLO+GAL+SBS+BDS+GPS;NONE;FRA;49.466;2.073;0;0;NTRIPRTKBaseU-blox_ZED-F9P2.4.11.32;none;N;N;15200;CentipedeRTK
STR;LALI;HUN;RTCM3;1004,1005,1006,1008,1012,1019,1020,1033,1042,1046,1077,1087,1097,1107,1127,1230;2;GLO+GAL+SBS+BDS+GPS;NONE;HUN;47.129;18.945;0;0;NTRIPRTKBaseU-blox_ZED-F9P2.4.11.13;none;N;N;15200;CentipedeRTK
STR;LAVKO;Jeu-les-Bois;RTCM3;1004,1005,1006,1008,1012,1019,1020,1033,1042,1046,1077,1087,1097,1107,1127,1230;2;GLO+GAL+SBS+BDS+GPS;NONE;FRA;46.690;1.774;0;0;NTRIPRTKBaseU-blox_ZED-F9P2.4.11.32;none;N;N;15200;CentipedeRTK
STR;LCBC;Loudeac;RTCM3;1004,1005,1006,1008,1012,1019,1020,1033,1042,1077,1087,1097,1107,1127,1230;2;GLO+GAL+SBS+BDS+GPS;NONE;FRA;48.178;-2.759;0;0;NTRIPRTKBaseUblox_ZED-F9P2.3.4;none;N;N;15200;CentipedeRTK
STR;LELEU;Gelucourt;RTCM3;1004,1005,1006,1008,1012,1019,1020,1033,1042,1046,1077,1087,1097,1107,1127,1230;2;GLO+GAL+SBS+BDS+GPS;NONE;FRA;48.760;6.727;0;0;NTRIPRTKBaseUblox_ZED-F9P1.12;none;N;N;15200;CentipedeRTK
STR;LEMI;SRB;RTCM3;1004,1005,1006,1008,1012,1019,1020,1033,1042,1046,1077,1087,1097,1107,1127,1230;2;GLO+GAL+SBS+BDS+GPS;NONE;SRB;45.569;20.737;0;0;NTRIPRTKBaseUblox_ZED-F9P2.4.01.13;none;N;N;15200;CentipedeRTK
STR;LESTR;Lestrem;RTCM3;1004,1005,1006,1008,1012,1019,1020,1033,1042,1046,1077,1087,1097,1107,1127,1230;2;GLO+GAL+SBS+BDS+GPS;NONE;FRA;50.608;2.683;0;0;NTRIPRTKBaseUblox_ZED-F9P2.3.1;none;N;N;15200;CentipedeRTK
STR;LFRG;Herre;RTCM3;1004,1005,1006,1008,1012,1019,1020,1033,1042,1046,1077,1087,1097,1107,1127,1230;2;GLO+GAL+SBS+BDS+GPS;NONE;FRA;44.037;-0.075;0;0;NTRIPRTKBaseU-blox_ZED-F9P2.4.11.32;none;N;N;15200;CentipedeRTK
STR;LH41;Chemery;RTCM3;1005,1008,1033,1075,1085,1095,1125,1230;2;GLO+GAL+BDS+GPS;NONE;FRA;47.342;1.495;0;0;NTRIPRTKBaseU-blox_ZED-F9P2.4.11.32;none;N;N;15200;CentipedeRTK
STR;LIENSS;LaRochelle;RTCM3;1004,1005,1006,1008,1012,1019,1020,1033,1042,1046,1077,1087,1097,1107,1127,1230;2;GLO+GAL+SBS+BDS+GPS;NONE;FRA;46.143;-1.158;0;0;NTRIPRTKBaseUblox_ZED-F9P2.3.4;none;N;N;15200;CentipedeRTK
STR;LLS1;Lons-le-Saunier;RTCM3;1004,1005,1006,1008,1012,1019,1020,1033,1042,1046,1077,1087,1097,1107,1127,1230;2;GLO+GAL+SBS+BDS+GPS;NONE;FRA;46.672;5.559;0;0;NTRIPRTKBaseUblox_ZED-F9P2.4.21.32;none;N;N;15200;CentipedeRTK
STR;LOLO;Thodure;RTCM3;1005,1008,1075,1085,1095,1125,1230;2;GLO+GAL+BDS+GPS;NONE;FRA;45.318;5.170;0;0;NTRIP;none;N;N;15200;CentipedeRTK
STR;LOUL;Meuvaines;RTCM3;1004,1005,1006,1008,1012,1019,1020,1033,1042,1046,1077,1087,1097,1107,1127,1230;2;GLO+GAL+SBS+BDS+GPS;NONE;FRA;49.328;-0.563;0;0;NTRIPRTKBaseU-blox_ZED-F9P2.4.11.32;none;N;N;15200;CentipedeRTK
STR;MANT;Saint-Pompain;RTCM3;1004,1005,1006,1008,1012,1019,1020,1033,1042,1046,1077,1087,1097,1107,1127,1230;2;GLO+GAL+SBS+BDS+GPS;NONE;FRA;46.437;-0.598;0;0;NTRIPRTKBaseU-blox_ZED-F9P2.4.11.32;none;N;N;15200;CentipedeRTK
STR;MARK;HUN;RTCM3;1004,1005,1006,1008,1012,1019,1020,1033,1042,1046,1077,1087,1097,1107,1127,1230;2;GLO+GAL+SBS+BDS+GPS;NONE;HUN;47.899;22.677;0;0;NTRIPRTKBaseU-blox_ZED-F9P2.4.11.32;none;N;N;15200;CentipedeRTK
STR;MASL;Courville-sur-Eure;RTCM3;1004,1005,1006,1008,1012,1019,1020,1033,1042,1046,1077,1087,1097,1107,1127,1230;2;GLO+GAL+SBS+BDS+GPS;NONE;FRA;48.450;1.262;0;0;NTRIPRTKBaseU-blox_ZED-F9P2.4.11.32;none;N;N;15200;CentipedeRTK
STR;MEC1;Toul;RTCM3;1004,1005,1006,1008,1012,1019,1020,1033,1042,1046,1077,1087,1097,1107,1127,1230;2;GLO+GAL+SBS+BDS+GPS;NONE;FRA;48.701;5.927;0;0;NTRIPRTKBaseU-Blox_ZED-F9P2.4.11.32;none;N;N;15200;CentipedeRTK
STR;MEIX;LeMeix-Tiercelin;RTCM3;1004,1005,1006,1008,1012,1019,1020,1033,1042,1046,1077,1087,1097,1107,1127,1230;2;GLO+GAL+SBS+BDS+GPS;NONE;FRA;48.639;4.421;0;0;NTRIPRTKBaseUblox_ZED-F9P2.4.01.13;none;N;N;15200;CentipedeRTK
STR;MET;Argentan;RTCM3;1004,1005,1006,1008,1012,1019,1020,1033,1042,1046,1077,1087,1097,1107,1127,1230;2;GLO+GAL+SBS+BDS+GPS;NONE;FRA;48.726;-0.016;0;0;NTRIPRTKBaseU-blox_ZED-F9P2.4.11.13;none;N;N;15200;CentipedeRTK
STR;MONTS;Poilhes;RTCM3;1004,1005,1006,1008,1012,1019,1020,1033,1042,1077,1087,1097,1107,1127,1230;2;GLO+GAL+SBS+BDS+GPS;NONE;FRA;43.300;3.099;0;0;NTRIPRTKBaseUblox_ZED-F9P2.3.4;none;N;N;15200;CentipedeRTK
STR;MORA;Val-des-Marais;RTCM3;1004,1005,1006,1008,1012,1019,1020,1033,1042,1046,1077,1087,1097,1107,1127,1230;2;GLO+GAL+SBS+BDS+GPS;NONE;FRA;48.814;3.995;0;0;NTRIPRTKBaseU-blox_ZED-F9P2.4.11.32;none;N;N;15200;CentipedeRTK
STR;MSE1;Louargat;RTCM3;1004,1005,1006,1008,1012,1019,1020,1033,1042,1046,1077,1087,1097,1107,1127,1230;2;GLO+GAL+SBS+BDS+GPS;NONE;FRA;48.555;-3.365;0;0;NTRIPRTKBaseU-blox_ZED-F9P2.4.11.32;none;N;N;15200;CentipedeRTK
STR;MTZ51;Savigny-sur-Ardres;RTCM3;1004,1005,1006,1008,1012,1019,1020,1033,1042,1046,1077,1087,1097,1107,1127,1230;2;GLO+GAL+SBS+BDS+GPS;NONE;FRA;49.261;3.797;0;0;NTRIPRTKBaseU-blox_ZED-F9P2.4.11.32;none;N;N;15200;CentipedeRTK
STR;NA01;Escalquens;RTCM3;1004,1005,1006,1008,1012,1019,1020,1033,1077,1087,1097,1107,1127,1230;2;GLO+GAL+SBS+BDS+GPS;NONE;FRA;43.520;1.536;0;0;NTRIPSEPTSSRC53.6.3;none;N;N;15200;CentipedeRTK
STR;NODE;NOR;RTCM3;1004,1005,1006,1008,1012,1019,1020,1033,1042,1046,1077,1087,1097,1107,1127,1230;2;GLO+GAL+SBS+BDS+GPS;NONE;NOR;59.366;11.413;0;0;NTRIPRTKBaseU-blox_ZED-F9P2.4.21.32;none;N;N;15200;CentipedeRTK
STR;OP45;Orleans;RTCM3;1004,1005,1006,1008,1012,1019,1020,1033,1042,1046,1077,1087,1097,1107,1127,1230;2;GLO+GAL+SBS+BDS+GPS;NONE;FRA;47.910;1.908;0;0;NTRIPRTKBaseU-blox_ZED-F9P2.4.11.32;none;N;N;15200;CentipedeRTK
STR;PA17;LaVergne;RTCM3;1004,1005,1006,1008,1012,1019,1020,1033,1042,1046,1077,1087,1097,1107,1127,1230;2;GLO+GAL+SBS+BDS+GPS;NONE;FRA;45.959;-0.562;0;0;NTRIPRTKBaseU-blox_ZED-F9P2.4.21.32;none;N;N;15200;CentipedeRTK
STR;PARIG;Agonges;RTCM3;1004,1005,1006,1008,1012,1019,1020,1033,1042,1046,1077,1087,1097,1107,1127,1230;2;GLO+GAL+SBS+BDS+GPS;NONE;FRA;46.641;3.159;0;0;NTRIPRTKBaseUblox_ZED-F9P2.3.4;none;N;N;15200;CentipedeRTK
STR;PAYS;Pissy-Poville;RTCM3;1004,1005,1006,1008,1012,1019,1020,1033,1042,1046,1077,1087,1097,1107,1127,1230;2;GLO+GAL+SBS+BDS+GPS;NONE;FRA;49.526;1.020;0;0;NTRIPRTKBaseUblox_ZED-F9P2.3.4;none;N;N;15200;CentipedeRTK
STR;PHAC;Clermont-Ferrand;RTCM3;1004,1005,1006,1008,1012,1019,1020,1033,1042,1046,1077,1087,1097,1107,1127,1230;2;GLO+GAL+SBS+BDS+GPS;NONE;FRA;45.775;3.146;0;0;NTRIPRTKBaseU-blox_ZED-F9P2.4.11.32;none;N;N;15200;CentipedeRTK
STR;PIERRO;Cestas;RTCM3;1004,1005,1006,1008,1012,1019,1020,1033,1042,1046,1077,1087,1097,1107,1127,1230;2;GLO+GAL+SBS+BDS+GPS;NONE;FRA;44.737;-0.774;0;0;NTRIPRTKBaseUblox_ZED-F9P2.3.1;none;N;N;15200;CentipedeRTK
STR;PJ51;Thillois;RTCM3;1004,1005,1006,1008,1012,1019,1020,1033,1042,1077,1087,1097,1107,1127,1230;2;GLO+GAL+SBS+BDS+GPS;NONE;FRA;49.257;3.953;0;0;NTRIPRTKBaseUblox_ZED-F9P2.3.4;none;N;N;15200;CentipedeRTK
STR;PRISM;Saint-Rieul;RTCM3;1004,1005,1006,1008,1012,1019,1020,1033,1042,1077,1087,1097,1107,1127,1230;2;GLO+GAL+SBS+BDS+GPS;NONE;FRA;48.443;-2.415;0;0;NTRIPRTKBaseUblox_ZED-F9P2.3.4;none;N;N;15200;CentipedeRTK
STR;RAB01;Rabastens;RTCM3;1004,1005,1006,1008,1012,1019,1020,1033,1042,1046,1077,1087,1097,1107,1127,1230;2;GLO+GAL+SBS+BDS+GPS;NONE;FRA;43.824;1.722;0;0;NTRIPRTKBaseUblox_C099-F9P2.3.1;none;N;N;15200;CentipedeRTK
STR;RAFTK;Ladon;RTCM3;1004,1005,1006,1008,1012,1019,1020,1033,1042,1046,1077,1087,1097,1107,1127,1230;2;GLO+GAL+SBS+BDS+GPS;NONE;FRA;48.010;2.546;0;0;NTRIPRTKBaseUblox_ZED-F9P2.3.0;none;N;N;15200;CentipedeRTK
STR;RAV35;Pipriac;RTCM3;1004,1005,1006,1008,1012,1019,1020,1033,1042,1046,1077,1087,1097,1107,1127,1230;2;GLO+GAL+SBS+BDS+GPS;NONE;FRA;47.783;-1.975;0;0;NTRIPRTKBaseUblox_ZED-F9P2.3.1;none;N;N;15200;CentipedeRTK
STR;RICE;Creteil;RTCM3;1004,1005,1006,1008,1012,1019,1020,1033,1042,1046,1077,1087,1097,1107,1127,1230;2;GLO+GAL+SBS+BDS+GPS;NONE;FRA;48.782;2.430;0;0;NTRIPRTKBaseU-blox_ZED-F9P2.4.11.32;none;N;N;15200;CentipedeRTK
STR;RITZ;Jebsheim;RTCM3;1004,1005,1006,1008,1012,1019,1020,1033,1042,1046,1077,1087,1097,1107,1127,1230;2;GLO+GAL+SBS+BDS+GPS;NONE;FRA;48.128;7.477;0;0;NTRIPRTKBaseU-blox_ZED-F9P2.4.21.32;none;N;N;15200;CentipedeRTK
STR;ROMGR45;Nevoy;RTCM3;1004,1005,1006,1008,1012,1019,1020,1033,1042,1046,1077,1087,1097,1107,1127,1230;2;GLO+GAL+SBS+BDS+GPS;NONE;FRA;47.708;2.590;0;0;NTRIPRTKBaseUblox_ZED-F9P2.3.1;none;N;N;15200;CentipedeRTK
STR;ROSD;Beaufort;RTCM3;1006,1008,1019,1020,1033,1077,1087,1097,1230;2;GLO+GAL+GPS;NONE;FRA;45.691;6.628;0;0;NTRIPTRIMBLENETR95.45,06/MAR/2;none;N;N;15200;CentipedeRTK
STR;RSW27;Burey;RTCM3;1004,1005,1006,1008,1012,1019,1020,1033,1042,1046,1077,1087,1097,1107,1127,1230;2;GLO+GAL+SBS+BDS+GPS;NONE;FRA;48.990;0.935;0;0;NTRIPRTKBaseUblox_ZED-F9P2.3.4;none;N;N;15200;CentipedeRTK
STR;RTK23;Roches;RTCM3;1004,1005,1006,1008,1012,1019,1020,1033,1042,1046,1077,1087,1097,1107,1127,1230;2;GLO+GAL+SBS+BDS+GPS;NONE;FRA;46.299;1.995;0;0;NTRIPRTKBaseUblox_ZED-F9P2.4.11.32;none;N;N;15200;CentipedeRTK
STR;SAM1;Meauzac;RTCM3;1004,1005,1006,1008,1012,1019,1020,1033,1042,1046,1077,1087,1097,1107,1127,1230;2;GLO+GAL+SBS+BDS+GPS;NONE;FRA;44.102;1.243;0;0;NTRIPRTKBaseUblox_ZED-F9P2.2.0;none;N;N;15200;CentipedeRTK
STR;SBEC;Chef-Boutonne;RTCM3;1004,1005,1006,1008,1012,1019,1020,1033,1042,1046,1077,1087,1097,1107,1127,1230;2;GLO+GAL+SBS+BDS+GPS;NONE;FRA;46.080;-0.132;0;0;NTRIPRTKBaseU-blox_ZED-F9P2.4.11.32;none;N;N;15200;CentipedeRTK
STR;SEDB;Saint-Etienne-du-Bois;RTCM3;1004,1005,1006,1008,1012,1019,1020,1033,1042,1046,1077,1087,1097,1107,1127,1230;2;GLO+GAL+SBS+BDS+GPS;NONE;FRA;46.274;5.249;0;0;NTRIPRTKBaseU-blox_ZED-F9P2.4.11.32;none;N;N;15200;CentipedeRTK
STR;SEMO;Yzeures-sur-Creuse;RTCM3;1004,1005,1006,1008,1012,1019,1020,1033,1042,1046,1077,1087,1097,1107,1127,1230;2;GLO+GAL+SBS+BDS+GPS;NONE;FRA;46.779;0.846;0;0;NTRIPRTKBaseU-blox_ZED-F9P2.4.11.32;none;N;N;15200;CentipedeRTK
STR;SIGEO;Aix-en-Provence;RTCM3;1004,1005,1006,1008,1012,1019,1020,1033,1042,1046,1077,1087,1097,1107,1127,1230;2;GLO+GAL+SBS+BDS+GPS;NONE;FRA;43.493;5.334;0;0;NTRIPRTKBaseU-blox_ZED-F9P2.4.21.13;none;N;N;15200;CentipedeRTK
STR;SKY1;Blain;RTCM3;1004,1005,1006,1008,1012,1019,1020,1033,1042,1046,1077,1087,1097,1107,1127,1230;2;GLO+GAL+SBS+BDS+GPS;NONE;FRA;47.432;-1.721;0;0;NTRIPRTKBaseU-blox_ZED-F9P2.4.21.32;none;N;N;15200;CentipedeRTK
STR;SLP;Saint-Laurent-de-la-Pree;RTCM3;1004,1005,1006,1008,1012,1019,1020,1033,1042,1046,1077,1087,1097,1107,1127,1230;2;GLO+GAL+SBS+BDS+GPS;NONE;FRA;45.992;-1.028;0;0;NTRIPRTKBaseUblox_ZED-F9P2.4.11.13;none;N;N;15200;CentipedeRTK
STR;SMOD;HUN;RTCM3;1004,1005,1006,1008,1012,1019,1020,1033,1042,1046,1077,1087,1097,1107,1127,1230;2;GLO+GAL+SBS+BDS+GPS;NONE;HUN;46.862;16.803;0;0;NTRIPRTKBaseU-blox_ZED-F9P2.4.11.13;none;N;N;15200;CentipedeRTK
STR;SPB28;LeGault-Saint-Denis;RTCM3;1004,1005,1006,1008,1012,1019,1020,1033,1042,1046,1077,1087,1097,1107,1127,1230;2;GLO+GAL+SBS+BDS+GPS;NONE;FRA;48.258;1.453;0;0;NTRIPRTKBaseUblox_ZED-F9P2.4.11.12;none;N;N;15200;CentipedeRTK
STR;THUM;Thumereville;RTCM3;1004,1005,1006,1008,1012,1019,1020,1033,1042,1077,1087,1097,1107,1127,1230;2;GLO+GAL+SBS+BDS+GPS;NONE;FRA;49.201;5.799;0;0;NTRIPRTKBaseUblox_ZED-F9P2.3.4;none;N;N;15200;CentipedeRTK
STR;TOMB1;FRA;RTCM3;;2;;;FRA;0.00;0.00;0;0;;;N;N;15200;CentipedeRTK
STR;TOULN;LaValette-du-Var;RTCM3;1004,1005,1006,1008,1012,1019,1020,1033,1042,1046,1077,1087,1097,1107,1127,1230;2;GLO+GAL+SBS+BDS+GPS;NONE;FRA;43.128;5.987;0;0;NTRIPRTKBaseUblox_ZED-F9P2.3.4;none;N;N;15200;CentipedeRTK
STR;UCBL;Villeurbanne;RTCM3;1006,1008,1019,1020,1033,1077,1087,1097,1230;2;GLO+GAL+GPS;NONE;FRA;45.781;4.870;0;0;NTRIPTrimbleAlloy5.45,06/MAR/2;none;N;N;15200;CentipedeRTK
STR;VAGC;Port-sur-Saone;RTCM3;1004,1005,1006,1008,1012,1019,1020,1033,1042,1046,1077,1087,1097,1107,1127,1230;2;GLO+GAL+SBS+BDS+GPS;NONE;FRA;47.689;6.067;0;0;NTRIPRTKBaseUblox_ZED-F9P2.4.01.32;none;N;N;15200;CentipedeRTK
STR;VANDE;Millam;RTCM3;1004,1005,1006,1008,1012,1019,1020,1033,1042,1046,1077,1087,1097,1107,1127,1230;2;GLO+GAL+SBS+BDS+GPS;NONE;FRA;50.853;2.249;0;0;NTRIPRTKBaseU-blox_ZED-F9P2.4.11.32;none;N;N;15200;CentipedeRTK
STR;VDM51;Vaudemange;RTCM3;1004,1005,1006,1008,1012,1019,1020,1033,1042,1046,1077,1087,1097,1107,1127,1230;2;GLO+GAL+SBS+BDS+GPS;NONE;FRA;49.090;4.225;0;0;NTRIPRTKBaseUblox_ZED-F9P2.3.1;none;N;N;15200;CentipedeRTK
STR;VILBO;Villers-Bocage;RTCM3;1004,1005,1006,1008,1012,1019,1020,1033,1042,1046,1077,1087,1097,1107,1127,1230;2;GLO+GAL+SBS+BDS+GPS;NONE;FRA;50.003;2.314;0;0;NTRIPRTKBaseUblox_ZED-F9P2.4.21.13;none;N;N;15200;CentipedeRTK
STR;ZEUO;Saint-Thonan;RTCM3;1004,1005,1006,1008,1012,1019,1020,1033,1042,1046,1077,1087,1097,1107,1127,1230;2;GLO+GAL+SBS+BDS+GPS;NONE;FRA;48.461;-4.307;0;0;NTRIPRTKBaseU-blox_ZED-F9P2.4.11.32;none;N;N;15200;CentipedeRTK


